Removed Pin From Net: NetName=GND Pin=R1-1
Removed Pin From Net: NetName=PILOT_OUT Pin=R1-2
Removed Pin From Net: NetName=PILOT_OUT Pin=R2-1
Removed Pin From Net: NetName=PILOT_IN Pin=R2-2
Removed Member From Class: ClassName=X1 Member=R1
Removed Member From Class: ClassName=X1 Member=R2
Change Component Footprint: Designator=R1 Old Footprint=RESC1608X55X30NL15T15 New Footprint=RES 0805_2012
Change Component Footprint: Designator=R2 Old Footprint=RESC1608X55X30NL15T15 New Footprint=RES 0805_2012
Change Component Comment : Designator=R1 Old Comment=R_TF New Comment=120
Change Component Comment : Designator=R2 Old Comment=R_TF New Comment=120
Change component parameters: Designator = "R1" ("R1"); Footprint = "RESC1608X55X30NL15T15"; UniqueID = "\WITIXTXN\KUVJFXMD" ("\WITIXTXN\KUVJFXMD")
Change component parameters (AddParameter): Name = "Component Type"; Value = "SMD resistor"; VariantName = "[No Variations]"
Change component parameters (AddParameter): Name = "ComponentLink1Description"; Value = "Datasheet"; VariantName = "[No Variations]"
Change component parameters (AddParameter): Name = "ComponentLink1URL"; Value = "https://www.mouser.de/datasheet/2/315/AOA0000C304-1149620.pdf"; VariantName = "[No Variations]"
Change component parameters (AddParameter): Name = "Created from"; Value = "MGremer"; VariantName = "[No Variations]"
Change component parameters (AddParameter): Name = "Created On"; Value = "14.12.2020 16:17:14"; VariantName = "[No Variations]"
Change component parameters (AddParameter): Name = "Device Package"; Value = "0805"; VariantName = "[No Variations]"
Change component parameters (AddParameter): Name = "Last Updated"; Value = "14.12.2020 18:22:52"; VariantName = "[No Variations]"
Change component parameters (AddParameter): Name = "Live Cycle Status"; Value = "1"; VariantName = "[No Variations]"
Change component parameters (AddParameter): Name = "Manufacturer"; Value = "Panasonic"; VariantName = "[No Variations]"
Change component parameters (AddParameter): Name = "Manufacturer Part Number"; Value = "ERJ-6ENF1182V"; VariantName = "[No Variations]"
Change component parameters (AddParameter): Name = "Mounting Type"; Value = "SMD"; VariantName = "[No Variations]"
Change component parameters (AddParameter): Name = "PartID"; Value = "148"; VariantName = "[No Variations]"
Change component parameters (AddParameter): Name = "Stock number"; Value = "not stored"; VariantName = "[No Variations]"
Change component parameters (AddParameter): Name = "Supplier 1"; Value = "Mouser"; VariantName = "[No Variations]"
Change component parameters (AddParameter): Name = "Supplier Part Number 1"; Value = "667-ERJ-6ENF1182V"; VariantName = "[No Variations]"
Change component parameters (AddParameter): Name = "Tolerance"; Value = "1%"; VariantName = "[No Variations]"
Change component parameters (AddParameter): Name = "Type"; Value = "Resistor"; VariantName = "[No Variations]"
Change component parameters (AddParameter): Name = "Value"; Value = "11k8"; VariantName = "[No Variations]"
Change component parameters: Designator = "R2" ("R2"); Footprint = "RESC1608X55X30NL15T15"; UniqueID = "\WITIXTXN\XSXHSXCJ" ("\WITIXTXN\XSXHSXCJ")
Change component parameters (AddParameter): Name = "Component Type"; Value = "SMD resistor"; VariantName = "[No Variations]"
Change component parameters (AddParameter): Name = "ComponentLink1Description"; Value = "Datasheet"; VariantName = "[No Variations]"
Change component parameters (AddParameter): Name = "ComponentLink1URL"; Value = "https://www.mouser.de/datasheet/2/315/AOA0000C304-1149620.pdf"; VariantName = "[No Variations]"
Change component parameters (AddParameter): Name = "Created from"; Value = "MGremer"; VariantName = "[No Variations]"
Change component parameters (AddParameter): Name = "Created On"; Value = "14.12.2020 16:17:14"; VariantName = "[No Variations]"
Change component parameters (AddParameter): Name = "Device Package"; Value = "0805"; VariantName = "[No Variations]"
Change component parameters (AddParameter): Name = "Last Updated"; Value = "14.12.2020 18:22:52"; VariantName = "[No Variations]"
Change component parameters (AddParameter): Name = "Live Cycle Status"; Value = "1"; VariantName = "[No Variations]"
Change component parameters (AddParameter): Name = "Manufacturer"; Value = "Panasonic"; VariantName = "[No Variations]"
Change component parameters (AddParameter): Name = "Manufacturer Part Number"; Value = "ERJ-6ENF1182V"; VariantName = "[No Variations]"
Change component parameters (AddParameter): Name = "Mounting Type"; Value = "SMD"; VariantName = "[No Variations]"
Change component parameters (AddParameter): Name = "PartID"; Value = "148"; VariantName = "[No Variations]"
Change component parameters (AddParameter): Name = "Stock number"; Value = "not stored"; VariantName = "[No Variations]"
Change component parameters (AddParameter): Name = "Supplier 1"; Value = "Mouser"; VariantName = "[No Variations]"
Change component parameters (AddParameter): Name = "Supplier Part Number 1"; Value = "667-ERJ-6ENF1182V"; VariantName = "[No Variations]"
Change component parameters (AddParameter): Name = "Tolerance"; Value = "1%"; VariantName = "[No Variations]"
Change component parameters (AddParameter): Name = "Type"; Value = "Resistor"; VariantName = "[No Variations]"
Change component parameters (AddParameter): Name = "Value"; Value = "11k8"; VariantName = "[No Variations]"
Added Component: Designator=C1(C_0805)
Add component (AddParameter): Name = "Component Type"; Value = "Capacitor 0805"; VariantName = "[No Variations]"
Add component (AddParameter): Name = "ComponentLink1Description"; Value = "Datasheet"; VariantName = "[No Variations]"
Add component (AddParameter): Name = "ComponentLink1URL"; Value = "https://www.mouser.de/datasheet/2/212/KEM_C1002_X7R_SMD-1102033.pdf"; VariantName = "[No Variations]"
Add component (AddParameter): Name = "Created from"; Value = "MGremer"; VariantName = "[No Variations]"
Add component (AddParameter): Name = "Created On"; Value = "20.12.2020 13:54:13"; VariantName = "[No Variations]"
Add component (AddParameter): Name = "Device Package"; Value = "0805"; VariantName = "[No Variations]"
Add component (AddParameter): Name = "Last Updated"; Value = "20.12.2020 16:34:30"; VariantName = "[No Variations]"
Add component (AddParameter): Name = "Live Cycle Status"; Value = "1"; VariantName = "[No Variations]"
Add component (AddParameter): Name = "Manufacturer"; Value = "KEMET"; VariantName = "[No Variations]"
Add component (AddParameter): Name = "Manufacturer Part Number"; Value = "C0805C104J5RECTU"; VariantName = "[No Variations]"
Add component (AddParameter): Name = "Mounting Type"; Value = "SMD"; VariantName = "[No Variations]"
Add component (AddParameter): Name = "Operating Temperature"; Value = "-55 - 125°C"; VariantName = "[No Variations]"
Add component (AddParameter): Name = "PartID"; Value = "17"; VariantName = "[No Variations]"
Add component (AddParameter): Name = "Series"; Value = "SMD Comm X7R"; VariantName = "[No Variations]"
Add component (AddParameter): Name = "Stock number"; Value = "Labor SMD Container"; VariantName = "[No Variations]"
Add component (AddParameter): Name = "Supplier 1"; Value = "Mouser"; VariantName = "[No Variations]"
Add component (AddParameter): Name = "Supplier Part Number 1"; Value = "80-C0805C104J5RECTU"; VariantName = "[No Variations]"
Add component (AddParameter): Name = "Tolerance"; Value = "5 %"; VariantName = "[No Variations]"
Add component (AddParameter): Name = "Type"; Value = "Capacitor"; VariantName = "[No Variations]"
Add component (AddParameter): Name = "Value"; Value = "0.1 µF"; VariantName = "[No Variations]"
Add component (AddParameter): Name = "Voltage Rating"; Value = "50 VDC"; VariantName = "[No Variations]"
Added Component: Designator=C2(C_0805)
Add component (AddParameter): Name = "Component Type"; Value = "Capacitor 0805"; VariantName = "[No Variations]"
Add component (AddParameter): Name = "ComponentLink1Description"; Value = "Datasheet"; VariantName = "[No Variations]"
Add component (AddParameter): Name = "ComponentLink1URL"; Value = "https://www.mouser.de/datasheet/2/212/KEM_C1002_X7R_SMD-1102033.pdf"; VariantName = "[No Variations]"
Add component (AddParameter): Name = "Created from"; Value = "MGremer"; VariantName = "[No Variations]"
Add component (AddParameter): Name = "Created On"; Value = "20.12.2020 13:54:13"; VariantName = "[No Variations]"
Add component (AddParameter): Name = "Device Package"; Value = "0805"; VariantName = "[No Variations]"
Add component (AddParameter): Name = "Last Updated"; Value = "20.12.2020 16:34:30"; VariantName = "[No Variations]"
Add component (AddParameter): Name = "Live Cycle Status"; Value = "1"; VariantName = "[No Variations]"
Add component (AddParameter): Name = "Manufacturer"; Value = "KEMET"; VariantName = "[No Variations]"
Add component (AddParameter): Name = "Manufacturer Part Number"; Value = "C0805C104J5RECTU"; VariantName = "[No Variations]"
Add component (AddParameter): Name = "Mounting Type"; Value = "SMD"; VariantName = "[No Variations]"
Add component (AddParameter): Name = "Operating Temperature"; Value = "-55 - 125°C"; VariantName = "[No Variations]"
Add component (AddParameter): Name = "PartID"; Value = "17"; VariantName = "[No Variations]"
Add component (AddParameter): Name = "Series"; Value = "SMD Comm X7R"; VariantName = "[No Variations]"
Add component (AddParameter): Name = "Stock number"; Value = "Labor SMD Container"; VariantName = "[No Variations]"
Add component (AddParameter): Name = "Supplier 1"; Value = "Mouser"; VariantName = "[No Variations]"
Add component (AddParameter): Name = "Supplier Part Number 1"; Value = "80-C0805C104J5RECTU"; VariantName = "[No Variations]"
Add component (AddParameter): Name = "Tolerance"; Value = "5 %"; VariantName = "[No Variations]"
Add component (AddParameter): Name = "Type"; Value = "Capacitor"; VariantName = "[No Variations]"
Add component (AddParameter): Name = "Value"; Value = "0.1 µF"; VariantName = "[No Variations]"
Add component (AddParameter): Name = "Voltage Rating"; Value = "50 VDC"; VariantName = "[No Variations]"
Added Component: Designator=C3(C_0805)
Add component (AddParameter): Name = "Component Type"; Value = "Capacitor 0805"; VariantName = "[No Variations]"
Add component (AddParameter): Name = "ComponentLink1Description"; Value = "Datasheet"; VariantName = "[No Variations]"
Add component (AddParameter): Name = "ComponentLink1URL"; Value = "https://www.mouser.de/datasheet/2/281/1/GRM21BR72A103KA01_01C-1986947.pdf"; VariantName = "[No Variations]"
Add component (AddParameter): Name = "Created from"; Value = "MGremer"; VariantName = "[No Variations]"
Add component (AddParameter): Name = "Created On"; Value = "20.12.2020 13:54:13"; VariantName = "[No Variations]"
Add component (AddParameter): Name = "Device Package"; Value = "0805"; VariantName = "[No Variations]"
Add component (AddParameter): Name = "Last Updated"; Value = "17.11.2021 11:27:00"; VariantName = "[No Variations]"
Add component (AddParameter): Name = "Live Cycle Status"; Value = "1"; VariantName = "[No Variations]"
Add component (AddParameter): Name = "Manufacturer"; Value = "Murata Electronics"; VariantName = "[No Variations]"
Add component (AddParameter): Name = "Manufacturer Part Number"; Value = "GRM21BR72A103KA01L"; VariantName = "[No Variations]"
Add component (AddParameter): Name = "Mounting Type"; Value = "SMD"; VariantName = "[No Variations]"
Add component (AddParameter): Name = "Operating Temperature"; Value = "-55 - 125°C"; VariantName = "[No Variations]"
Add component (AddParameter): Name = "PartID"; Value = "86"; VariantName = "[No Variations]"
Add component (AddParameter): Name = "Series"; Value = "GRM"; VariantName = "[No Variations]"
Add component (AddParameter): Name = "Stock number"; Value = "not stored"; VariantName = "[No Variations]"
Add component (AddParameter): Name = "Supplier 1"; Value = "Mouser"; VariantName = "[No Variations]"
Add component (AddParameter): Name = "Supplier Part Number 1"; Value = "81-GRM21BR72A103K"; VariantName = "[No Variations]"
Add component (AddParameter): Name = "Tolerance"; Value = "10 %"; VariantName = "[No Variations]"
Add component (AddParameter): Name = "Type"; Value = "Capacitor"; VariantName = "[No Variations]"
Add component (AddParameter): Name = "Value"; Value = "0.01 µF"; VariantName = "[No Variations]"
Add component (AddParameter): Name = "Voltage Rating"; Value = "100 VDC"; VariantName = "[No Variations]"
Added Component: Designator=C4(C_0805)
Add component (AddParameter): Name = "Component Type"; Value = "Capacitor 0805"; VariantName = "[No Variations]"
Add component (AddParameter): Name = "ComponentLink1Description"; Value = "Datasheet"; VariantName = "[No Variations]"
Add component (AddParameter): Name = "ComponentLink1URL"; Value = "https://www.mouser.de/datasheet/2/281/1/GRM21BR72A103KA01_01C-1986947.pdf"; VariantName = "[No Variations]"
Add component (AddParameter): Name = "Created from"; Value = "MGremer"; VariantName = "[No Variations]"
Add component (AddParameter): Name = "Created On"; Value = "20.12.2020 13:54:13"; VariantName = "[No Variations]"
Add component (AddParameter): Name = "Device Package"; Value = "0805"; VariantName = "[No Variations]"
Add component (AddParameter): Name = "Last Updated"; Value = "17.11.2021 11:27:00"; VariantName = "[No Variations]"
Add component (AddParameter): Name = "Live Cycle Status"; Value = "1"; VariantName = "[No Variations]"
Add component (AddParameter): Name = "Manufacturer"; Value = "Murata Electronics"; VariantName = "[No Variations]"
Add component (AddParameter): Name = "Manufacturer Part Number"; Value = "GRM21BR72A103KA01L"; VariantName = "[No Variations]"
Add component (AddParameter): Name = "Mounting Type"; Value = "SMD"; VariantName = "[No Variations]"
Add component (AddParameter): Name = "Operating Temperature"; Value = "-55 - 125°C"; VariantName = "[No Variations]"
Add component (AddParameter): Name = "PartID"; Value = "86"; VariantName = "[No Variations]"
Add component (AddParameter): Name = "Series"; Value = "GRM"; VariantName = "[No Variations]"
Add component (AddParameter): Name = "Stock number"; Value = "not stored"; VariantName = "[No Variations]"
Add component (AddParameter): Name = "Supplier 1"; Value = "Mouser"; VariantName = "[No Variations]"
Add component (AddParameter): Name = "Supplier Part Number 1"; Value = "81-GRM21BR72A103K"; VariantName = "[No Variations]"
Add component (AddParameter): Name = "Tolerance"; Value = "10 %"; VariantName = "[No Variations]"
Add component (AddParameter): Name = "Type"; Value = "Capacitor"; VariantName = "[No Variations]"
Add component (AddParameter): Name = "Value"; Value = "0.01 µF"; VariantName = "[No Variations]"
Add component (AddParameter): Name = "Voltage Rating"; Value = "100 VDC"; VariantName = "[No Variations]"
Added Component: Designator=C5(CAPR5-4X5)
Add component (AddParameter): Name = "Component Type"; Value = "Capacitor"; VariantName = "[No Variations]"
Add component (AddParameter): Name = "ComponentLink1Description"; Value = "Datasheet"; VariantName = "[No Variations]"
Add component (AddParameter): Name = "Created from"; Value = "MHlatky"; VariantName = "[No Variations]"
Add component (AddParameter): Name = "Created On"; Value = "25.05.2021 10:46:00"; VariantName = "[No Variations]"
Add component (AddParameter): Name = "Last Updated"; Value = "30.11.2021 13:37:41"; VariantName = "[No Variations]"
Add component (AddParameter): Name = "Live Cycle Status"; Value = "1"; VariantName = "[No Variations]"
Add component (AddParameter): Name = "Manufacturer Part Number"; Value = "CAPR5-4X5"; VariantName = "[No Variations]"
Add component (AddParameter): Name = "PackageDescription"; Value = "Capacitor; 2 Leads"; VariantName = "[No Variations]"
Add component (AddParameter): Name = "PackageReference"; Value = "CAPR5-4X5"; VariantName = "[No Variations]"
Add component (AddParameter): Name = "PartID"; Value = "5"; VariantName = "[No Variations]"
Add component (AddParameter): Name = "Published"; Value = "23-Sep-2002"; VariantName = "[No Variations]"
Add component (AddParameter): Name = "Publisher"; Value = "Altium Limited"; VariantName = "[No Variations]"
Add component (AddParameter): Name = "Supplier Part Number 1"; Value = "CAPR5-4X5"; VariantName = "[No Variations]"
Add component (AddParameter): Name = "Type"; Value = "Capacitor"; VariantName = "[No Variations]"
Add component (AddParameter): Name = "Value"; Value = "10 µF"; VariantName = "[No Variations]"
Added Component: Designator=C6(C_0805)
Add component (AddParameter): Name = "Component Type"; Value = "Capacitor 0805"; VariantName = "[No Variations]"
Add component (AddParameter): Name = "ComponentLink1Description"; Value = "Datasheet"; VariantName = "[No Variations]"
Add component (AddParameter): Name = "ComponentLink1URL"; Value = "https://www.mouser.de/datasheet/2/281/1/GRM21BR72A103KA01_01C-1986947.pdf"; VariantName = "[No Variations]"
Add component (AddParameter): Name = "Created from"; Value = "MGremer"; VariantName = "[No Variations]"
Add component (AddParameter): Name = "Created On"; Value = "20.12.2020 13:54:13"; VariantName = "[No Variations]"
Add component (AddParameter): Name = "Device Package"; Value = "0805"; VariantName = "[No Variations]"
Add component (AddParameter): Name = "Last Updated"; Value = "17.11.2021 11:27:00"; VariantName = "[No Variations]"
Add component (AddParameter): Name = "Live Cycle Status"; Value = "1"; VariantName = "[No Variations]"
Add component (AddParameter): Name = "Manufacturer"; Value = "Murata Electronics"; VariantName = "[No Variations]"
Add component (AddParameter): Name = "Manufacturer Part Number"; Value = "GRM21BR72A103KA01L"; VariantName = "[No Variations]"
Add component (AddParameter): Name = "Mounting Type"; Value = "SMD"; VariantName = "[No Variations]"
Add component (AddParameter): Name = "Operating Temperature"; Value = "-55 - 125°C"; VariantName = "[No Variations]"
Add component (AddParameter): Name = "PartID"; Value = "86"; VariantName = "[No Variations]"
Add component (AddParameter): Name = "Series"; Value = "GRM"; VariantName = "[No Variations]"
Add component (AddParameter): Name = "Stock number"; Value = "not stored"; VariantName = "[No Variations]"
Add component (AddParameter): Name = "Supplier 1"; Value = "Mouser"; VariantName = "[No Variations]"
Add component (AddParameter): Name = "Supplier Part Number 1"; Value = "81-GRM21BR72A103K"; VariantName = "[No Variations]"
Add component (AddParameter): Name = "Tolerance"; Value = "10 %"; VariantName = "[No Variations]"
Add component (AddParameter): Name = "Type"; Value = "Capacitor"; VariantName = "[No Variations]"
Add component (AddParameter): Name = "Value"; Value = "0.01 µF"; VariantName = "[No Variations]"
Add component (AddParameter): Name = "Voltage Rating"; Value = "100 VDC"; VariantName = "[No Variations]"
Added Component: Designator=C7(C_0805)
Add component (AddParameter): Name = "Component Type"; Value = "Capacitor 0805"; VariantName = "[No Variations]"
Add component (AddParameter): Name = "ComponentLink1Description"; Value = "Datasheet"; VariantName = "[No Variations]"
Add component (AddParameter): Name = "ComponentLink1URL"; Value = "https://www.mouser.de/datasheet/2/281/1/GRM21BR72A103KA01_01C-1986947.pdf"; VariantName = "[No Variations]"
Add component (AddParameter): Name = "Created from"; Value = "MGremer"; VariantName = "[No Variations]"
Add component (AddParameter): Name = "Created On"; Value = "20.12.2020 13:54:13"; VariantName = "[No Variations]"
Add component (AddParameter): Name = "Device Package"; Value = "0805"; VariantName = "[No Variations]"
Add component (AddParameter): Name = "Last Updated"; Value = "17.11.2021 11:27:00"; VariantName = "[No Variations]"
Add component (AddParameter): Name = "Live Cycle Status"; Value = "1"; VariantName = "[No Variations]"
Add component (AddParameter): Name = "Manufacturer"; Value = "Murata Electronics"; VariantName = "[No Variations]"
Add component (AddParameter): Name = "Manufacturer Part Number"; Value = "GRM21BR72A103KA01L"; VariantName = "[No Variations]"
Add component (AddParameter): Name = "Mounting Type"; Value = "SMD"; VariantName = "[No Variations]"
Add component (AddParameter): Name = "Operating Temperature"; Value = "-55 - 125°C"; VariantName = "[No Variations]"
Add component (AddParameter): Name = "PartID"; Value = "86"; VariantName = "[No Variations]"
Add component (AddParameter): Name = "Series"; Value = "GRM"; VariantName = "[No Variations]"
Add component (AddParameter): Name = "Stock number"; Value = "not stored"; VariantName = "[No Variations]"
Add component (AddParameter): Name = "Supplier 1"; Value = "Mouser"; VariantName = "[No Variations]"
Add component (AddParameter): Name = "Supplier Part Number 1"; Value = "81-GRM21BR72A103K"; VariantName = "[No Variations]"
Add component (AddParameter): Name = "Tolerance"; Value = "10 %"; VariantName = "[No Variations]"
Add component (AddParameter): Name = "Type"; Value = "Capacitor"; VariantName = "[No Variations]"
Add component (AddParameter): Name = "Value"; Value = "0.01 µF"; VariantName = "[No Variations]"
Add component (AddParameter): Name = "Voltage Rating"; Value = "100 VDC"; VariantName = "[No Variations]"
Added Component: Designator=C8(C_0805)
Add component (AddParameter): Name = "Component Type"; Value = "Capacitor 0805"; VariantName = "[No Variations]"
Add component (AddParameter): Name = "ComponentLink1Description"; Value = "Datasheet"; VariantName = "[No Variations]"
Add component (AddParameter): Name = "ComponentLink1URL"; Value = "https://www.mouser.de/datasheet/2/281/1/GRM21BR72A103KA01_01C-1986947.pdf"; VariantName = "[No Variations]"
Add component (AddParameter): Name = "Created from"; Value = "MGremer"; VariantName = "[No Variations]"
Add component (AddParameter): Name = "Created On"; Value = "20.12.2020 13:54:13"; VariantName = "[No Variations]"
Add component (AddParameter): Name = "Device Package"; Value = "0805"; VariantName = "[No Variations]"
Add component (AddParameter): Name = "Last Updated"; Value = "17.11.2021 11:27:00"; VariantName = "[No Variations]"
Add component (AddParameter): Name = "Live Cycle Status"; Value = "1"; VariantName = "[No Variations]"
Add component (AddParameter): Name = "Manufacturer"; Value = "Murata Electronics"; VariantName = "[No Variations]"
Add component (AddParameter): Name = "Manufacturer Part Number"; Value = "GRM21BR72A103KA01L"; VariantName = "[No Variations]"
Add component (AddParameter): Name = "Mounting Type"; Value = "SMD"; VariantName = "[No Variations]"
Add component (AddParameter): Name = "Operating Temperature"; Value = "-55 - 125°C"; VariantName = "[No Variations]"
Add component (AddParameter): Name = "PartID"; Value = "86"; VariantName = "[No Variations]"
Add component (AddParameter): Name = "Series"; Value = "GRM"; VariantName = "[No Variations]"
Add component (AddParameter): Name = "Stock number"; Value = "not stored"; VariantName = "[No Variations]"
Add component (AddParameter): Name = "Supplier 1"; Value = "Mouser"; VariantName = "[No Variations]"
Add component (AddParameter): Name = "Supplier Part Number 1"; Value = "81-GRM21BR72A103K"; VariantName = "[No Variations]"
Add component (AddParameter): Name = "Tolerance"; Value = "10 %"; VariantName = "[No Variations]"
Add component (AddParameter): Name = "Type"; Value = "Capacitor"; VariantName = "[No Variations]"
Add component (AddParameter): Name = "Value"; Value = "0.01 µF"; VariantName = "[No Variations]"
Add component (AddParameter): Name = "Voltage Rating"; Value = "100 VDC"; VariantName = "[No Variations]"
Added Component: Designator=C9(C_0805)
Add component (AddParameter): Name = "Component Type"; Value = "Capacitor 0805"; VariantName = "[No Variations]"
Add component (AddParameter): Name = "ComponentLink1Description"; Value = "Datasheet"; VariantName = "[No Variations]"
Add component (AddParameter): Name = "ComponentLink1URL"; Value = "https://www.mouser.de/datasheet/2/281/1/GRM21BR72A103KA01_01C-1986947.pdf"; VariantName = "[No Variations]"
Add component (AddParameter): Name = "Created from"; Value = "MGremer"; VariantName = "[No Variations]"
Add component (AddParameter): Name = "Created On"; Value = "20.12.2020 13:54:13"; VariantName = "[No Variations]"
Add component (AddParameter): Name = "Device Package"; Value = "0805"; VariantName = "[No Variations]"
Add component (AddParameter): Name = "Last Updated"; Value = "17.11.2021 11:27:00"; VariantName = "[No Variations]"
Add component (AddParameter): Name = "Live Cycle Status"; Value = "1"; VariantName = "[No Variations]"
Add component (AddParameter): Name = "Manufacturer"; Value = "Murata Electronics"; VariantName = "[No Variations]"
Add component (AddParameter): Name = "Manufacturer Part Number"; Value = "GRM21BR72A103KA01L"; VariantName = "[No Variations]"
Add component (AddParameter): Name = "Mounting Type"; Value = "SMD"; VariantName = "[No Variations]"
Add component (AddParameter): Name = "Operating Temperature"; Value = "-55 - 125°C"; VariantName = "[No Variations]"
Add component (AddParameter): Name = "PartID"; Value = "86"; VariantName = "[No Variations]"
Add component (AddParameter): Name = "Series"; Value = "GRM"; VariantName = "[No Variations]"
Add component (AddParameter): Name = "Stock number"; Value = "not stored"; VariantName = "[No Variations]"
Add component (AddParameter): Name = "Supplier 1"; Value = "Mouser"; VariantName = "[No Variations]"
Add component (AddParameter): Name = "Supplier Part Number 1"; Value = "81-GRM21BR72A103K"; VariantName = "[No Variations]"
Add component (AddParameter): Name = "Tolerance"; Value = "10 %"; VariantName = "[No Variations]"
Add component (AddParameter): Name = "Type"; Value = "Capacitor"; VariantName = "[No Variations]"
Add component (AddParameter): Name = "Value"; Value = "0.01 µF"; VariantName = "[No Variations]"
Add component (AddParameter): Name = "Voltage Rating"; Value = "100 VDC"; VariantName = "[No Variations]"
Added Component: Designator=C10(CAPR5-4X5)
Add component (AddParameter): Name = "Component Type"; Value = "Capacitor"; VariantName = "[No Variations]"
Add component (AddParameter): Name = "ComponentLink1Description"; Value = "Datasheet"; VariantName = "[No Variations]"
Add component (AddParameter): Name = "Created from"; Value = "MHlatky"; VariantName = "[No Variations]"
Add component (AddParameter): Name = "Created On"; Value = "25.05.2021 10:46:00"; VariantName = "[No Variations]"
Add component (AddParameter): Name = "Last Updated"; Value = "30.11.2021 13:37:41"; VariantName = "[No Variations]"
Add component (AddParameter): Name = "Live Cycle Status"; Value = "1"; VariantName = "[No Variations]"
Add component (AddParameter): Name = "Manufacturer Part Number"; Value = "CAPR5-4X5"; VariantName = "[No Variations]"
Add component (AddParameter): Name = "PackageDescription"; Value = "Capacitor; 2 Leads"; VariantName = "[No Variations]"
Add component (AddParameter): Name = "PackageReference"; Value = "CAPR5-4X5"; VariantName = "[No Variations]"
Add component (AddParameter): Name = "PartID"; Value = "5"; VariantName = "[No Variations]"
Add component (AddParameter): Name = "Published"; Value = "23-Sep-2002"; VariantName = "[No Variations]"
Add component (AddParameter): Name = "Publisher"; Value = "Altium Limited"; VariantName = "[No Variations]"
Add component (AddParameter): Name = "Supplier Part Number 1"; Value = "CAPR5-4X5"; VariantName = "[No Variations]"
Add component (AddParameter): Name = "Type"; Value = "Capacitor"; VariantName = "[No Variations]"
Add component (AddParameter): Name = "Value"; Value = "10 µF"; VariantName = "[No Variations]"
Added Component: Designator=C11(C_0805)
Add component (AddParameter): Name = "Component Type"; Value = "Capacitor 0805"; VariantName = "[No Variations]"
Add component (AddParameter): Name = "ComponentLink1Description"; Value = "Datasheet"; VariantName = "[No Variations]"
Add component (AddParameter): Name = "ComponentLink1URL"; Value = "https://www.mouser.de/datasheet/2/212/KEM_C1002_X7R_SMD-1102033.pdf"; VariantName = "[No Variations]"
Add component (AddParameter): Name = "Created from"; Value = "MGremer"; VariantName = "[No Variations]"
Add component (AddParameter): Name = "Created On"; Value = "20.12.2020 13:54:13"; VariantName = "[No Variations]"
Add component (AddParameter): Name = "Device Package"; Value = "0805"; VariantName = "[No Variations]"
Add component (AddParameter): Name = "Last Updated"; Value = "20.12.2020 16:34:30"; VariantName = "[No Variations]"
Add component (AddParameter): Name = "Live Cycle Status"; Value = "1"; VariantName = "[No Variations]"
Add component (AddParameter): Name = "Manufacturer"; Value = "KEMET"; VariantName = "[No Variations]"
Add component (AddParameter): Name = "Manufacturer Part Number"; Value = "C0805C104J5RECTU"; VariantName = "[No Variations]"
Add component (AddParameter): Name = "Mounting Type"; Value = "SMD"; VariantName = "[No Variations]"
Add component (AddParameter): Name = "Operating Temperature"; Value = "-55 - 125°C"; VariantName = "[No Variations]"
Add component (AddParameter): Name = "PartID"; Value = "17"; VariantName = "[No Variations]"
Add component (AddParameter): Name = "Series"; Value = "SMD Comm X7R"; VariantName = "[No Variations]"
Add component (AddParameter): Name = "Stock number"; Value = "Labor SMD Container"; VariantName = "[No Variations]"
Add component (AddParameter): Name = "Supplier 1"; Value = "Mouser"; VariantName = "[No Variations]"
Add component (AddParameter): Name = "Supplier Part Number 1"; Value = "80-C0805C104J5RECTU"; VariantName = "[No Variations]"
Add component (AddParameter): Name = "Tolerance"; Value = "5 %"; VariantName = "[No Variations]"
Add component (AddParameter): Name = "Type"; Value = "Capacitor"; VariantName = "[No Variations]"
Add component (AddParameter): Name = "Value"; Value = "0.1 µF"; VariantName = "[No Variations]"
Add component (AddParameter): Name = "Voltage Rating"; Value = "50 VDC"; VariantName = "[No Variations]"
Added Component: Designator=C12(C_0805)
Add component (AddParameter): Name = "Component Type"; Value = "Capacitor 0805"; VariantName = "[No Variations]"
Add component (AddParameter): Name = "ComponentLink1Description"; Value = "Datasheet"; VariantName = "[No Variations]"
Add component (AddParameter): Name = "ComponentLink1URL"; Value = "https://www.mouser.de/datasheet/2/212/KEM_C1002_X7R_SMD-1102033.pdf"; VariantName = "[No Variations]"
Add component (AddParameter): Name = "Created from"; Value = "MGremer"; VariantName = "[No Variations]"
Add component (AddParameter): Name = "Created On"; Value = "20.12.2020 13:54:13"; VariantName = "[No Variations]"
Add component (AddParameter): Name = "Device Package"; Value = "0805"; VariantName = "[No Variations]"
Add component (AddParameter): Name = "Last Updated"; Value = "20.12.2020 16:34:30"; VariantName = "[No Variations]"
Add component (AddParameter): Name = "Live Cycle Status"; Value = "1"; VariantName = "[No Variations]"
Add component (AddParameter): Name = "Manufacturer"; Value = "KEMET"; VariantName = "[No Variations]"
Add component (AddParameter): Name = "Manufacturer Part Number"; Value = "C0805C104J5RECTU"; VariantName = "[No Variations]"
Add component (AddParameter): Name = "Mounting Type"; Value = "SMD"; VariantName = "[No Variations]"
Add component (AddParameter): Name = "Operating Temperature"; Value = "-55 - 125°C"; VariantName = "[No Variations]"
Add component (AddParameter): Name = "PartID"; Value = "17"; VariantName = "[No Variations]"
Add component (AddParameter): Name = "Series"; Value = "SMD Comm X7R"; VariantName = "[No Variations]"
Add component (AddParameter): Name = "Stock number"; Value = "Labor SMD Container"; VariantName = "[No Variations]"
Add component (AddParameter): Name = "Supplier 1"; Value = "Mouser"; VariantName = "[No Variations]"
Add component (AddParameter): Name = "Supplier Part Number 1"; Value = "80-C0805C104J5RECTU"; VariantName = "[No Variations]"
Add component (AddParameter): Name = "Tolerance"; Value = "5 %"; VariantName = "[No Variations]"
Add component (AddParameter): Name = "Type"; Value = "Capacitor"; VariantName = "[No Variations]"
Add component (AddParameter): Name = "Value"; Value = "0.1 µF"; VariantName = "[No Variations]"
Add component (AddParameter): Name = "Voltage Rating"; Value = "50 VDC"; VariantName = "[No Variations]"
Added Component: Designator=C13(C_0805)
Add component (AddParameter): Name = "Component Type"; Value = "Capacitor 0805"; VariantName = "[No Variations]"
Add component (AddParameter): Name = "ComponentLink1Description"; Value = "Datasheet"; VariantName = "[No Variations]"
Add component (AddParameter): Name = "ComponentLink1URL"; Value = "https://www.mouser.de/datasheet/2/281/1/GRM21BR72A103KA01_01C-1986947.pdf"; VariantName = "[No Variations]"
Add component (AddParameter): Name = "Created from"; Value = "MGremer"; VariantName = "[No Variations]"
Add component (AddParameter): Name = "Created On"; Value = "20.12.2020 13:54:13"; VariantName = "[No Variations]"
Add component (AddParameter): Name = "Device Package"; Value = "0805"; VariantName = "[No Variations]"
Add component (AddParameter): Name = "Last Updated"; Value = "17.11.2021 11:27:00"; VariantName = "[No Variations]"
Add component (AddParameter): Name = "Live Cycle Status"; Value = "1"; VariantName = "[No Variations]"
Add component (AddParameter): Name = "Manufacturer"; Value = "Murata Electronics"; VariantName = "[No Variations]"
Add component (AddParameter): Name = "Manufacturer Part Number"; Value = "GRM21BR72A103KA01L"; VariantName = "[No Variations]"
Add component (AddParameter): Name = "Mounting Type"; Value = "SMD"; VariantName = "[No Variations]"
Add component (AddParameter): Name = "Operating Temperature"; Value = "-55 - 125°C"; VariantName = "[No Variations]"
Add component (AddParameter): Name = "PartID"; Value = "86"; VariantName = "[No Variations]"
Add component (AddParameter): Name = "Series"; Value = "GRM"; VariantName = "[No Variations]"
Add component (AddParameter): Name = "Stock number"; Value = "not stored"; VariantName = "[No Variations]"
Add component (AddParameter): Name = "Supplier 1"; Value = "Mouser"; VariantName = "[No Variations]"
Add component (AddParameter): Name = "Supplier Part Number 1"; Value = "81-GRM21BR72A103K"; VariantName = "[No Variations]"
Add component (AddParameter): Name = "Tolerance"; Value = "10 %"; VariantName = "[No Variations]"
Add component (AddParameter): Name = "Type"; Value = "Capacitor"; VariantName = "[No Variations]"
Add component (AddParameter): Name = "Value"; Value = "0.01 µF"; VariantName = "[No Variations]"
Add component (AddParameter): Name = "Voltage Rating"; Value = "100 VDC"; VariantName = "[No Variations]"
Added Component: Designator=C14(C_0805)
Add component (AddParameter): Name = "Component Type"; Value = "Capacitor 0805"; VariantName = "[No Variations]"
Add component (AddParameter): Name = "ComponentLink1Description"; Value = "Datasheet"; VariantName = "[No Variations]"
Add component (AddParameter): Name = "ComponentLink1URL"; Value = "https://www.mouser.de/datasheet/2/281/1/GRM21BR72A103KA01_01C-1986947.pdf"; VariantName = "[No Variations]"
Add component (AddParameter): Name = "Created from"; Value = "MGremer"; VariantName = "[No Variations]"
Add component (AddParameter): Name = "Created On"; Value = "20.12.2020 13:54:13"; VariantName = "[No Variations]"
Add component (AddParameter): Name = "Device Package"; Value = "0805"; VariantName = "[No Variations]"
Add component (AddParameter): Name = "Last Updated"; Value = "17.11.2021 11:27:00"; VariantName = "[No Variations]"
Add component (AddParameter): Name = "Live Cycle Status"; Value = "1"; VariantName = "[No Variations]"
Add component (AddParameter): Name = "Manufacturer"; Value = "Murata Electronics"; VariantName = "[No Variations]"
Add component (AddParameter): Name = "Manufacturer Part Number"; Value = "GRM21BR72A103KA01L"; VariantName = "[No Variations]"
Add component (AddParameter): Name = "Mounting Type"; Value = "SMD"; VariantName = "[No Variations]"
Add component (AddParameter): Name = "Operating Temperature"; Value = "-55 - 125°C"; VariantName = "[No Variations]"
Add component (AddParameter): Name = "PartID"; Value = "86"; VariantName = "[No Variations]"
Add component (AddParameter): Name = "Series"; Value = "GRM"; VariantName = "[No Variations]"
Add component (AddParameter): Name = "Stock number"; Value = "not stored"; VariantName = "[No Variations]"
Add component (AddParameter): Name = "Supplier 1"; Value = "Mouser"; VariantName = "[No Variations]"
Add component (AddParameter): Name = "Supplier Part Number 1"; Value = "81-GRM21BR72A103K"; VariantName = "[No Variations]"
Add component (AddParameter): Name = "Tolerance"; Value = "10 %"; VariantName = "[No Variations]"
Add component (AddParameter): Name = "Type"; Value = "Capacitor"; VariantName = "[No Variations]"
Add component (AddParameter): Name = "Value"; Value = "0.01 µF"; VariantName = "[No Variations]"
Add component (AddParameter): Name = "Voltage Rating"; Value = "100 VDC"; VariantName = "[No Variations]"
Added Component: Designator=C15(C_0805)
Add component (AddParameter): Name = "Component Type"; Value = "Capacitor 0805"; VariantName = "[No Variations]"
Add component (AddParameter): Name = "ComponentLink1Description"; Value = "Datasheet"; VariantName = "[No Variations]"
Add component (AddParameter): Name = "ComponentLink1URL"; Value = "https://www.mouser.de/datasheet/2/281/1/GRM21BR72A103KA01_01C-1986947.pdf"; VariantName = "[No Variations]"
Add component (AddParameter): Name = "Created from"; Value = "MGremer"; VariantName = "[No Variations]"
Add component (AddParameter): Name = "Created On"; Value = "20.12.2020 13:54:13"; VariantName = "[No Variations]"
Add component (AddParameter): Name = "Device Package"; Value = "0805"; VariantName = "[No Variations]"
Add component (AddParameter): Name = "Last Updated"; Value = "17.11.2021 11:27:00"; VariantName = "[No Variations]"
Add component (AddParameter): Name = "Live Cycle Status"; Value = "1"; VariantName = "[No Variations]"
Add component (AddParameter): Name = "Manufacturer"; Value = "Murata Electronics"; VariantName = "[No Variations]"
Add component (AddParameter): Name = "Manufacturer Part Number"; Value = "GRM21BR72A103KA01L"; VariantName = "[No Variations]"
Add component (AddParameter): Name = "Mounting Type"; Value = "SMD"; VariantName = "[No Variations]"
Add component (AddParameter): Name = "Operating Temperature"; Value = "-55 - 125°C"; VariantName = "[No Variations]"
Add component (AddParameter): Name = "PartID"; Value = "86"; VariantName = "[No Variations]"
Add component (AddParameter): Name = "Series"; Value = "GRM"; VariantName = "[No Variations]"
Add component (AddParameter): Name = "Stock number"; Value = "not stored"; VariantName = "[No Variations]"
Add component (AddParameter): Name = "Supplier 1"; Value = "Mouser"; VariantName = "[No Variations]"
Add component (AddParameter): Name = "Supplier Part Number 1"; Value = "81-GRM21BR72A103K"; VariantName = "[No Variations]"
Add component (AddParameter): Name = "Tolerance"; Value = "10 %"; VariantName = "[No Variations]"
Add component (AddParameter): Name = "Type"; Value = "Capacitor"; VariantName = "[No Variations]"
Add component (AddParameter): Name = "Value"; Value = "0.01 µF"; VariantName = "[No Variations]"
Add component (AddParameter): Name = "Voltage Rating"; Value = "100 VDC"; VariantName = "[No Variations]"
Added Component: Designator=C16(CAPR5-4X5)
Add component (AddParameter): Name = "Component Type"; Value = "Capacitor"; VariantName = "[No Variations]"
Add component (AddParameter): Name = "ComponentLink1Description"; Value = "Datasheet"; VariantName = "[No Variations]"
Add component (AddParameter): Name = "Created from"; Value = "MHlatky"; VariantName = "[No Variations]"
Add component (AddParameter): Name = "Created On"; Value = "25.05.2021 10:46:00"; VariantName = "[No Variations]"
Add component (AddParameter): Name = "Last Updated"; Value = "30.11.2021 13:37:41"; VariantName = "[No Variations]"
Add component (AddParameter): Name = "Live Cycle Status"; Value = "1"; VariantName = "[No Variations]"
Add component (AddParameter): Name = "Manufacturer Part Number"; Value = "CAPR5-4X5"; VariantName = "[No Variations]"
Add component (AddParameter): Name = "PackageDescription"; Value = "Capacitor; 2 Leads"; VariantName = "[No Variations]"
Add component (AddParameter): Name = "PackageReference"; Value = "CAPR5-4X5"; VariantName = "[No Variations]"
Add component (AddParameter): Name = "PartID"; Value = "5"; VariantName = "[No Variations]"
Add component (AddParameter): Name = "Published"; Value = "23-Sep-2002"; VariantName = "[No Variations]"
Add component (AddParameter): Name = "Publisher"; Value = "Altium Limited"; VariantName = "[No Variations]"
Add component (AddParameter): Name = "Supplier Part Number 1"; Value = "CAPR5-4X5"; VariantName = "[No Variations]"
Add component (AddParameter): Name = "Type"; Value = "Capacitor"; VariantName = "[No Variations]"
Add component (AddParameter): Name = "Value"; Value = "10 µF"; VariantName = "[No Variations]"
Added Component: Designator=C17(C_0805)
Add component (AddParameter): Name = "Component Type"; Value = "Capacitor 0805"; VariantName = "[No Variations]"
Add component (AddParameter): Name = "ComponentLink1Description"; Value = "Datasheet"; VariantName = "[No Variations]"
Add component (AddParameter): Name = "ComponentLink1URL"; Value = "https://www.mouser.de/datasheet/2/212/KEM_C1002_X7R_SMD-1102033.pdf"; VariantName = "[No Variations]"
Add component (AddParameter): Name = "Created from"; Value = "MGremer"; VariantName = "[No Variations]"
Add component (AddParameter): Name = "Created On"; Value = "20.12.2020 13:54:13"; VariantName = "[No Variations]"
Add component (AddParameter): Name = "Device Package"; Value = "0805"; VariantName = "[No Variations]"
Add component (AddParameter): Name = "Last Updated"; Value = "20.12.2020 16:34:30"; VariantName = "[No Variations]"
Add component (AddParameter): Name = "Live Cycle Status"; Value = "1"; VariantName = "[No Variations]"
Add component (AddParameter): Name = "Manufacturer"; Value = "KEMET"; VariantName = "[No Variations]"
Add component (AddParameter): Name = "Manufacturer Part Number"; Value = "C0805C104J5RECTU"; VariantName = "[No Variations]"
Add component (AddParameter): Name = "Mounting Type"; Value = "SMD"; VariantName = "[No Variations]"
Add component (AddParameter): Name = "Operating Temperature"; Value = "-55 - 125°C"; VariantName = "[No Variations]"
Add component (AddParameter): Name = "PartID"; Value = "17"; VariantName = "[No Variations]"
Add component (AddParameter): Name = "Series"; Value = "SMD Comm X7R"; VariantName = "[No Variations]"
Add component (AddParameter): Name = "Stock number"; Value = "Labor SMD Container"; VariantName = "[No Variations]"
Add component (AddParameter): Name = "Supplier 1"; Value = "Mouser"; VariantName = "[No Variations]"
Add component (AddParameter): Name = "Supplier Part Number 1"; Value = "80-C0805C104J5RECTU"; VariantName = "[No Variations]"
Add component (AddParameter): Name = "Tolerance"; Value = "5 %"; VariantName = "[No Variations]"
Add component (AddParameter): Name = "Type"; Value = "Capacitor"; VariantName = "[No Variations]"
Add component (AddParameter): Name = "Value"; Value = "0.1 µF"; VariantName = "[No Variations]"
Add component (AddParameter): Name = "Voltage Rating"; Value = "50 VDC"; VariantName = "[No Variations]"
Added Component: Designator=C18(C_0805)
Add component (AddParameter): Name = "Component Type"; Value = "Capacitor 0805"; VariantName = "[No Variations]"
Add component (AddParameter): Name = "ComponentLink1Description"; Value = "Datasheet"; VariantName = "[No Variations]"
Add component (AddParameter): Name = "ComponentLink1URL"; Value = "https://www.mouser.de/datasheet/2/212/KEM_C1002_X7R_SMD-1102033.pdf"; VariantName = "[No Variations]"
Add component (AddParameter): Name = "Created from"; Value = "MGremer"; VariantName = "[No Variations]"
Add component (AddParameter): Name = "Created On"; Value = "20.12.2020 13:54:13"; VariantName = "[No Variations]"
Add component (AddParameter): Name = "Device Package"; Value = "0805"; VariantName = "[No Variations]"
Add component (AddParameter): Name = "Last Updated"; Value = "20.12.2020 16:34:30"; VariantName = "[No Variations]"
Add component (AddParameter): Name = "Live Cycle Status"; Value = "1"; VariantName = "[No Variations]"
Add component (AddParameter): Name = "Manufacturer"; Value = "KEMET"; VariantName = "[No Variations]"
Add component (AddParameter): Name = "Manufacturer Part Number"; Value = "C0805C104J5RECTU"; VariantName = "[No Variations]"
Add component (AddParameter): Name = "Mounting Type"; Value = "SMD"; VariantName = "[No Variations]"
Add component (AddParameter): Name = "Operating Temperature"; Value = "-55 - 125°C"; VariantName = "[No Variations]"
Add component (AddParameter): Name = "PartID"; Value = "17"; VariantName = "[No Variations]"
Add component (AddParameter): Name = "Series"; Value = "SMD Comm X7R"; VariantName = "[No Variations]"
Add component (AddParameter): Name = "Stock number"; Value = "Labor SMD Container"; VariantName = "[No Variations]"
Add component (AddParameter): Name = "Supplier 1"; Value = "Mouser"; VariantName = "[No Variations]"
Add component (AddParameter): Name = "Supplier Part Number 1"; Value = "80-C0805C104J5RECTU"; VariantName = "[No Variations]"
Add component (AddParameter): Name = "Tolerance"; Value = "5 %"; VariantName = "[No Variations]"
Add component (AddParameter): Name = "Type"; Value = "Capacitor"; VariantName = "[No Variations]"
Add component (AddParameter): Name = "Value"; Value = "0.1 µF"; VariantName = "[No Variations]"
Add component (AddParameter): Name = "Voltage Rating"; Value = "50 VDC"; VariantName = "[No Variations]"
Add Component: Footprint Not Found Comment
Add Component: Footprint Not Found Designator:comment
Added Component: Designator=F1(1812_PTC_Polyfuse_Littelfuse)
Add component (AddParameter): Name = "Component Type"; Value = "Littelfuse_PTC_1812"; VariantName = "[No Variations]"
Add component (AddParameter): Name = "ComponentLink1Description"; Value = "Datasheet"; VariantName = "[No Variations]"
Add component (AddParameter): Name = "ComponentLink1URL"; Value = "https://www.littelfuse.com/~/media/electronics/datasheets/resettable_ptcs/littelfuse_ptc_surface_mount_catalog_datasheet.pdf.pdf"; VariantName = "[No Variations]"
Add component (AddParameter): Name = "Created"; Value = "2019_02_10_AGeiger"; VariantName = "[No Variations]"
Add component (AddParameter): Name = "Created from"; Value = "MHlatky"; VariantName = "[No Variations]"
Add component (AddParameter): Name = "Created On"; Value = "07.05.2021 06:50:33"; VariantName = "[No Variations]"
Add component (AddParameter): Name = "Hold Current"; Value = "1.1A"; VariantName = "[No Variations]"
Add component (AddParameter): Name = "Last Updated"; Value = "20.12.2021 12:44:16"; VariantName = "[No Variations]"
Add component (AddParameter): Name = "Live Cycle Status"; Value = "1"; VariantName = "[No Variations]"
Add component (AddParameter): Name = "Manufacturer"; Value = "Littelfuse"; VariantName = "[No Variations]"
Add component (AddParameter): Name = "Manufacturer Part Number"; Value = "Littelfuse_PTC_1812"; VariantName = "[No Variations]"
Add component (AddParameter): Name = "MF"; Value = "Littelfuse"; VariantName = "[No Variations]"
Add component (AddParameter): Name = "Mounting Type"; Value = "SMD"; VariantName = "[No Variations]"
Add component (AddParameter): Name = "MPN"; Value = "miniASMDC110F/24"; VariantName = "[No Variations]"
Add component (AddParameter): Name = "Nominal current"; Value = "1 A"; VariantName = "[No Variations]"
Add component (AddParameter): Name = "Operating Temperature"; Value = "-40 - 85 °C"; VariantName = "[No Variations]"
Add component (AddParameter): Name = "Package"; Value = "1812"; VariantName = "[No Variations]"
Add component (AddParameter): Name = "PartID"; Value = "5"; VariantName = "[No Variations]"
Add component (AddParameter): Name = "Resistance"; Value = "0.18 Ohm"; VariantName = "[No Variations]"
Add component (AddParameter): Name = "Trip Current"; Value = "2.2A"; VariantName = "[No Variations]"
Add component (AddParameter): Name = "Type"; Value = "Fuse"; VariantName = "[No Variations]"
Add component (AddParameter): Name = "Value"; Value = "PTC, 1.1 A, 24V"; VariantName = "[No Variations]"
Add component (AddParameter): Name = "Voltage"; Value = "24V"; VariantName = "[No Variations]"
Added Component: Designator=F2(1812_PTC_Polyfuse_Littelfuse)
Add component (AddParameter): Name = "Component Type"; Value = "Littelfuse_PTC_1812"; VariantName = "[No Variations]"
Add component (AddParameter): Name = "ComponentLink1Description"; Value = "Datasheet"; VariantName = "[No Variations]"
Add component (AddParameter): Name = "ComponentLink1URL"; Value = "https://www.littelfuse.com/~/media/electronics/datasheets/resettable_ptcs/littelfuse_ptc_surface_mount_catalog_datasheet.pdf.pdf"; VariantName = "[No Variations]"
Add component (AddParameter): Name = "Created"; Value = "2019_02_10_AGeiger"; VariantName = "[No Variations]"
Add component (AddParameter): Name = "Created from"; Value = "MHlatky"; VariantName = "[No Variations]"
Add component (AddParameter): Name = "Created On"; Value = "07.05.2021 06:50:33"; VariantName = "[No Variations]"
Add component (AddParameter): Name = "Hold Current"; Value = "1.1A"; VariantName = "[No Variations]"
Add component (AddParameter): Name = "Last Updated"; Value = "20.12.2021 12:44:16"; VariantName = "[No Variations]"
Add component (AddParameter): Name = "Live Cycle Status"; Value = "1"; VariantName = "[No Variations]"
Add component (AddParameter): Name = "Manufacturer"; Value = "Littelfuse"; VariantName = "[No Variations]"
Add component (AddParameter): Name = "Manufacturer Part Number"; Value = "Littelfuse_PTC_1812"; VariantName = "[No Variations]"
Add component (AddParameter): Name = "MF"; Value = "Littelfuse"; VariantName = "[No Variations]"
Add component (AddParameter): Name = "Mounting Type"; Value = "SMD"; VariantName = "[No Variations]"
Add component (AddParameter): Name = "MPN"; Value = "miniASMDC110F/24"; VariantName = "[No Variations]"
Add component (AddParameter): Name = "Nominal current"; Value = "1 A"; VariantName = "[No Variations]"
Add component (AddParameter): Name = "Operating Temperature"; Value = "-40 - 85 °C"; VariantName = "[No Variations]"
Add component (AddParameter): Name = "Package"; Value = "1812"; VariantName = "[No Variations]"
Add component (AddParameter): Name = "PartID"; Value = "5"; VariantName = "[No Variations]"
Add component (AddParameter): Name = "Resistance"; Value = "0.18 Ohm"; VariantName = "[No Variations]"
Add component (AddParameter): Name = "Trip Current"; Value = "2.2A"; VariantName = "[No Variations]"
Add component (AddParameter): Name = "Type"; Value = "Fuse"; VariantName = "[No Variations]"
Add component (AddParameter): Name = "Value"; Value = "PTC, 1.1 A, 24V"; VariantName = "[No Variations]"
Add component (AddParameter): Name = "Voltage"; Value = "24V"; VariantName = "[No Variations]"
Added Component: Designator=F3(1812_PTC_Polyfuse_Littelfuse)
Add component (AddParameter): Name = "Component Type"; Value = "Littelfuse_PTC_1812"; VariantName = "[No Variations]"
Add component (AddParameter): Name = "ComponentLink1Description"; Value = "Datasheet"; VariantName = "[No Variations]"
Add component (AddParameter): Name = "ComponentLink1URL"; Value = "https://www.littelfuse.com/~/media/electronics/datasheets/resettable_ptcs/littelfuse_ptc_surface_mount_catalog_datasheet.pdf.pdf"; VariantName = "[No Variations]"
Add component (AddParameter): Name = "Created"; Value = "2019_02_10_AGeiger"; VariantName = "[No Variations]"
Add component (AddParameter): Name = "Created from"; Value = "MHlatky"; VariantName = "[No Variations]"
Add component (AddParameter): Name = "Created On"; Value = "07.05.2021 06:50:33"; VariantName = "[No Variations]"
Add component (AddParameter): Name = "Hold Current"; Value = "1.1A"; VariantName = "[No Variations]"
Add component (AddParameter): Name = "Last Updated"; Value = "20.12.2021 12:44:16"; VariantName = "[No Variations]"
Add component (AddParameter): Name = "Live Cycle Status"; Value = "1"; VariantName = "[No Variations]"
Add component (AddParameter): Name = "Manufacturer"; Value = "Littelfuse"; VariantName = "[No Variations]"
Add component (AddParameter): Name = "Manufacturer Part Number"; Value = "Littelfuse_PTC_1812"; VariantName = "[No Variations]"
Add component (AddParameter): Name = "MF"; Value = "Littelfuse"; VariantName = "[No Variations]"
Add component (AddParameter): Name = "Mounting Type"; Value = "SMD"; VariantName = "[No Variations]"
Add component (AddParameter): Name = "MPN"; Value = "miniASMDC110F/24"; VariantName = "[No Variations]"
Add component (AddParameter): Name = "Nominal current"; Value = "1 A"; VariantName = "[No Variations]"
Add component (AddParameter): Name = "Operating Temperature"; Value = "-40 - 85 °C"; VariantName = "[No Variations]"
Add component (AddParameter): Name = "Package"; Value = "1812"; VariantName = "[No Variations]"
Add component (AddParameter): Name = "PartID"; Value = "5"; VariantName = "[No Variations]"
Add component (AddParameter): Name = "Resistance"; Value = "0.18 Ohm"; VariantName = "[No Variations]"
Add component (AddParameter): Name = "Trip Current"; Value = "2.2A"; VariantName = "[No Variations]"
Add component (AddParameter): Name = "Type"; Value = "Fuse"; VariantName = "[No Variations]"
Add component (AddParameter): Name = "Value"; Value = "PTC, 1.1 A, 24V"; VariantName = "[No Variations]"
Add component (AddParameter): Name = "Voltage"; Value = "24V"; VariantName = "[No Variations]"
Added Component: Designator=J1(DSUB1.385-2H9)
Add component (AddParameter): Name = "Component Type"; Value = "DSUB Connector"; VariantName = "[No Variations]"
Add component (AddParameter): Name = "ComponentLink1Description"; Value = "Datasheet"; VariantName = "[No Variations]"
Add component (AddParameter): Name = "ComponentLink1URL"; Value = "[NULL]"; VariantName = "[No Variations]"
Add component (AddParameter): Name = "Created from"; Value = "MHlatky"; VariantName = "[No Variations]"
Add component (AddParameter): Name = "Created On"; Value = "26.01.2021 09:19:51"; VariantName = "[No Variations]"
Add component (AddParameter): Name = "DatasheetDocument"; Value = "1-Sep-1999"; VariantName = "[No Variations]"
Add component (AddParameter): Name = "Device Package"; Value = "-"; VariantName = "[No Variations]"
Add component (AddParameter): Name = "Gender"; Value = "Receptacle"; VariantName = "[No Variations]"
Add component (AddParameter): Name = "Last Updated"; Value = "20.12.2021 09:43:18"; VariantName = "[No Variations]"
Add component (AddParameter): Name = "LatestRevisionDate"; Value = "17-Jul-2002"; VariantName = "[No Variations]"
Add component (AddParameter): Name = "LatestRevisionNote"; Value = "Re-released for DXP Platform."; VariantName = "[No Variations]"
Add component (AddParameter): Name = "Live Cycle Status"; Value = "1"; VariantName = "[No Variations]"
Add component (AddParameter): Name = "Manufacturer"; Value = "Altium"; VariantName = "[No Variations]"
Add component (AddParameter): Name = "Manufacturer Part Number"; Value = "DSUB1.385-2H9"; VariantName = "[No Variations]"
Add component (AddParameter): Name = "Orientation"; Value = "Right Angle"; VariantName = "[No Variations]"
Add component (AddParameter): Name = "PackageDocument"; Value = "O"; VariantName = "[No Variations]"
Add component (AddParameter): Name = "PackageReference"; Value = "788750"; VariantName = "[No Variations]"
Add component (AddParameter): Name = "PartID"; Value = "15"; VariantName = "[No Variations]"
Add component (AddParameter): Name = "Positions"; Value = "9"; VariantName = "[No Variations]"
Add component (AddParameter): Name = "Published"; Value = "15-Jun-2001"; VariantName = "[No Variations]"
Add component (AddParameter): Name = "Publisher"; Value = "Altium Limited"; VariantName = "[No Variations]"
Add component (AddParameter): Name = "Stock number"; Value = "not stored"; VariantName = "[No Variations]"
Add component (AddParameter): Name = "Type"; Value = "DSUB Connector"; VariantName = "[No Variations]"
Added Component: Designator=J2(DSUB1.385-2H9)
Add component (AddParameter): Name = "Component Type"; Value = "DSUB Connector"; VariantName = "[No Variations]"
Add component (AddParameter): Name = "ComponentLink1Description"; Value = "Datasheet"; VariantName = "[No Variations]"
Add component (AddParameter): Name = "ComponentLink1URL"; Value = "[NULL]"; VariantName = "[No Variations]"
Add component (AddParameter): Name = "Created from"; Value = "MHlatky"; VariantName = "[No Variations]"
Add component (AddParameter): Name = "Created On"; Value = "26.01.2021 09:19:51"; VariantName = "[No Variations]"
Add component (AddParameter): Name = "DatasheetDocument"; Value = "1-Sep-1999"; VariantName = "[No Variations]"
Add component (AddParameter): Name = "Device Package"; Value = "-"; VariantName = "[No Variations]"
Add component (AddParameter): Name = "Gender"; Value = "Receptacle"; VariantName = "[No Variations]"
Add component (AddParameter): Name = "Last Updated"; Value = "20.12.2021 09:43:18"; VariantName = "[No Variations]"
Add component (AddParameter): Name = "LatestRevisionDate"; Value = "17-Jul-2002"; VariantName = "[No Variations]"
Add component (AddParameter): Name = "LatestRevisionNote"; Value = "Re-released for DXP Platform."; VariantName = "[No Variations]"
Add component (AddParameter): Name = "Live Cycle Status"; Value = "1"; VariantName = "[No Variations]"
Add component (AddParameter): Name = "Manufacturer"; Value = "Altium"; VariantName = "[No Variations]"
Add component (AddParameter): Name = "Manufacturer Part Number"; Value = "DSUB1.385-2H9"; VariantName = "[No Variations]"
Add component (AddParameter): Name = "Orientation"; Value = "Right Angle"; VariantName = "[No Variations]"
Add component (AddParameter): Name = "PackageDocument"; Value = "O"; VariantName = "[No Variations]"
Add component (AddParameter): Name = "PackageReference"; Value = "788750"; VariantName = "[No Variations]"
Add component (AddParameter): Name = "PartID"; Value = "15"; VariantName = "[No Variations]"
Add component (AddParameter): Name = "Positions"; Value = "9"; VariantName = "[No Variations]"
Add component (AddParameter): Name = "Published"; Value = "15-Jun-2001"; VariantName = "[No Variations]"
Add component (AddParameter): Name = "Publisher"; Value = "Altium Limited"; VariantName = "[No Variations]"
Add component (AddParameter): Name = "Stock number"; Value = "not stored"; VariantName = "[No Variations]"
Add component (AddParameter): Name = "Type"; Value = "DSUB Connector"; VariantName = "[No Variations]"
Added Component: Designator=J3(DSUB1.385-2H9)
Add component (AddParameter): Name = "Component Type"; Value = "DSUB Connector"; VariantName = "[No Variations]"
Add component (AddParameter): Name = "ComponentLink1Description"; Value = "Datasheet"; VariantName = "[No Variations]"
Add component (AddParameter): Name = "ComponentLink1URL"; Value = "[NULL]"; VariantName = "[No Variations]"
Add component (AddParameter): Name = "Created from"; Value = "MHlatky"; VariantName = "[No Variations]"
Add component (AddParameter): Name = "Created On"; Value = "26.01.2021 09:19:51"; VariantName = "[No Variations]"
Add component (AddParameter): Name = "DatasheetDocument"; Value = "1-Sep-1999"; VariantName = "[No Variations]"
Add component (AddParameter): Name = "Device Package"; Value = "-"; VariantName = "[No Variations]"
Add component (AddParameter): Name = "Gender"; Value = "Receptacle"; VariantName = "[No Variations]"
Add component (AddParameter): Name = "Last Updated"; Value = "20.12.2021 09:43:18"; VariantName = "[No Variations]"
Add component (AddParameter): Name = "LatestRevisionDate"; Value = "17-Jul-2002"; VariantName = "[No Variations]"
Add component (AddParameter): Name = "LatestRevisionNote"; Value = "Re-released for DXP Platform."; VariantName = "[No Variations]"
Add component (AddParameter): Name = "Live Cycle Status"; Value = "1"; VariantName = "[No Variations]"
Add component (AddParameter): Name = "Manufacturer"; Value = "Altium"; VariantName = "[No Variations]"
Add component (AddParameter): Name = "Manufacturer Part Number"; Value = "DSUB1.385-2H9"; VariantName = "[No Variations]"
Add component (AddParameter): Name = "Orientation"; Value = "Right Angle"; VariantName = "[No Variations]"
Add component (AddParameter): Name = "PackageDocument"; Value = "O"; VariantName = "[No Variations]"
Add component (AddParameter): Name = "PackageReference"; Value = "788750"; VariantName = "[No Variations]"
Add component (AddParameter): Name = "PartID"; Value = "15"; VariantName = "[No Variations]"
Add component (AddParameter): Name = "Positions"; Value = "9"; VariantName = "[No Variations]"
Add component (AddParameter): Name = "Published"; Value = "15-Jun-2001"; VariantName = "[No Variations]"
Add component (AddParameter): Name = "Publisher"; Value = "Altium Limited"; VariantName = "[No Variations]"
Add component (AddParameter): Name = "Stock number"; Value = "not stored"; VariantName = "[No Variations]"
Add component (AddParameter): Name = "Type"; Value = "DSUB Connector"; VariantName = "[No Variations]"
Add Component: Footprint Not Found Designator:comment
Added Component: Designator=R3(RES 0805_2012)
Add component (AddParameter): Name = "Component Type"; Value = "SMD resistor"; VariantName = "[No Variations]"
Add component (AddParameter): Name = "ComponentLink1Description"; Value = "Datasheet"; VariantName = "[No Variations]"
Add component (AddParameter): Name = "ComponentLink1URL"; Value = "https://www.mouser.de/datasheet/2/315/AOA0000C304-1149620.pdf"; VariantName = "[No Variations]"
Add component (AddParameter): Name = "Created from"; Value = "MGremer"; VariantName = "[No Variations]"
Add component (AddParameter): Name = "Created On"; Value = "14.12.2020 16:17:14"; VariantName = "[No Variations]"
Add component (AddParameter): Name = "Device Package"; Value = "0805"; VariantName = "[No Variations]"
Add component (AddParameter): Name = "Last Updated"; Value = "14.12.2020 18:22:52"; VariantName = "[No Variations]"
Add component (AddParameter): Name = "Live Cycle Status"; Value = "1"; VariantName = "[No Variations]"
Add component (AddParameter): Name = "Manufacturer"; Value = "Panasonic"; VariantName = "[No Variations]"
Add component (AddParameter): Name = "Manufacturer Part Number"; Value = "ERJ-6ENF1182V"; VariantName = "[No Variations]"
Add component (AddParameter): Name = "Mounting Type"; Value = "SMD"; VariantName = "[No Variations]"
Add component (AddParameter): Name = "PartID"; Value = "148"; VariantName = "[No Variations]"
Add component (AddParameter): Name = "Stock number"; Value = "not stored"; VariantName = "[No Variations]"
Add component (AddParameter): Name = "Supplier 1"; Value = "Mouser"; VariantName = "[No Variations]"
Add component (AddParameter): Name = "Supplier Part Number 1"; Value = "667-ERJ-6ENF1182V"; VariantName = "[No Variations]"
Add component (AddParameter): Name = "Tolerance"; Value = "1%"; VariantName = "[No Variations]"
Add component (AddParameter): Name = "Type"; Value = "Resistor"; VariantName = "[No Variations]"
Add component (AddParameter): Name = "Value"; Value = "11k8"; VariantName = "[No Variations]"
Add Component: Footprint Not Found SO-16_N
Add Component: Footprint Not Found RESC1608X55X30NL15T15
Add Component: Footprint Not Found RESC1608X55X30NL15T15
Added Component: Designator=R7(RES 0805_2012)
Add component (AddParameter): Name = "Component Type"; Value = "SMD resistor"; VariantName = "[No Variations]"
Add component (AddParameter): Name = "ComponentLink1Description"; Value = "Datasheet"; VariantName = "[No Variations]"
Add component (AddParameter): Name = "ComponentLink1URL"; Value = "https://www.mouser.de/datasheet/2/315/AOA0000C304-1149620.pdf"; VariantName = "[No Variations]"
Add component (AddParameter): Name = "Created from"; Value = "MGremer"; VariantName = "[No Variations]"
Add component (AddParameter): Name = "Created On"; Value = "14.12.2020 16:17:14"; VariantName = "[No Variations]"
Add component (AddParameter): Name = "Device Package"; Value = "0805"; VariantName = "[No Variations]"
Add component (AddParameter): Name = "Last Updated"; Value = "14.12.2020 18:22:52"; VariantName = "[No Variations]"
Add component (AddParameter): Name = "Live Cycle Status"; Value = "1"; VariantName = "[No Variations]"
Add component (AddParameter): Name = "Manufacturer"; Value = "Panasonic"; VariantName = "[No Variations]"
Add component (AddParameter): Name = "Manufacturer Part Number"; Value = "ERJ-6ENF1182V"; VariantName = "[No Variations]"
Add component (AddParameter): Name = "Mounting Type"; Value = "SMD"; VariantName = "[No Variations]"
Add component (AddParameter): Name = "PartID"; Value = "148"; VariantName = "[No Variations]"
Add component (AddParameter): Name = "Stock number"; Value = "not stored"; VariantName = "[No Variations]"
Add component (AddParameter): Name = "Supplier 1"; Value = "Mouser"; VariantName = "[No Variations]"
Add component (AddParameter): Name = "Supplier Part Number 1"; Value = "667-ERJ-6ENF1182V"; VariantName = "[No Variations]"
Add component (AddParameter): Name = "Tolerance"; Value = "1%"; VariantName = "[No Variations]"
Add component (AddParameter): Name = "Type"; Value = "Resistor"; VariantName = "[No Variations]"
Add component (AddParameter): Name = "Value"; Value = "11k8"; VariantName = "[No Variations]"
Added Component: Designator=R8(RES 0805_2012)
Add component (AddParameter): Name = "Component Type"; Value = "SMD resistor"; VariantName = "[No Variations]"
Add component (AddParameter): Name = "ComponentLink1Description"; Value = "Datasheet"; VariantName = "[No Variations]"
Add component (AddParameter): Name = "ComponentLink1URL"; Value = "https://www.mouser.de/datasheet/2/315/AOA0000C304-1149620.pdf"; VariantName = "[No Variations]"
Add component (AddParameter): Name = "Created from"; Value = "MGremer"; VariantName = "[No Variations]"
Add component (AddParameter): Name = "Created On"; Value = "14.12.2020 16:17:14"; VariantName = "[No Variations]"
Add component (AddParameter): Name = "Device Package"; Value = "0805"; VariantName = "[No Variations]"
Add component (AddParameter): Name = "Last Updated"; Value = "14.12.2020 18:22:52"; VariantName = "[No Variations]"
Add component (AddParameter): Name = "Live Cycle Status"; Value = "1"; VariantName = "[No Variations]"
Add component (AddParameter): Name = "Manufacturer"; Value = "Panasonic"; VariantName = "[No Variations]"
Add component (AddParameter): Name = "Manufacturer Part Number"; Value = "ERJ-6ENF1182V"; VariantName = "[No Variations]"
Add component (AddParameter): Name = "Mounting Type"; Value = "SMD"; VariantName = "[No Variations]"
Add component (AddParameter): Name = "PartID"; Value = "148"; VariantName = "[No Variations]"
Add component (AddParameter): Name = "Stock number"; Value = "not stored"; VariantName = "[No Variations]"
Add component (AddParameter): Name = "Supplier 1"; Value = "Mouser"; VariantName = "[No Variations]"
Add component (AddParameter): Name = "Supplier Part Number 1"; Value = "667-ERJ-6ENF1182V"; VariantName = "[No Variations]"
Add component (AddParameter): Name = "Tolerance"; Value = "1%"; VariantName = "[No Variations]"
Add component (AddParameter): Name = "Type"; Value = "Resistor"; VariantName = "[No Variations]"
Add component (AddParameter): Name = "Value"; Value = "11k8"; VariantName = "[No Variations]"
Added Component: Designator=R9(RES 0805_2012)
Add component (AddParameter): Name = "Component Type"; Value = "SMD resistor"; VariantName = "[No Variations]"
Add component (AddParameter): Name = "ComponentLink1Description"; Value = "Datasheet"; VariantName = "[No Variations]"
Add component (AddParameter): Name = "ComponentLink1URL"; Value = "https://www.mouser.de/datasheet/2/315/AOA0000C304-1149620.pdf"; VariantName = "[No Variations]"
Add component (AddParameter): Name = "Created from"; Value = "MGremer"; VariantName = "[No Variations]"
Add component (AddParameter): Name = "Created On"; Value = "14.12.2020 16:17:14"; VariantName = "[No Variations]"
Add component (AddParameter): Name = "Device Package"; Value = "0805"; VariantName = "[No Variations]"
Add component (AddParameter): Name = "Last Updated"; Value = "14.12.2020 18:22:52"; VariantName = "[No Variations]"
Add component (AddParameter): Name = "Live Cycle Status"; Value = "1"; VariantName = "[No Variations]"
Add component (AddParameter): Name = "Manufacturer"; Value = "Panasonic"; VariantName = "[No Variations]"
Add component (AddParameter): Name = "Manufacturer Part Number"; Value = "ERJ-6ENF1182V"; VariantName = "[No Variations]"
Add component (AddParameter): Name = "Mounting Type"; Value = "SMD"; VariantName = "[No Variations]"
Add component (AddParameter): Name = "PartID"; Value = "148"; VariantName = "[No Variations]"
Add component (AddParameter): Name = "Stock number"; Value = "not stored"; VariantName = "[No Variations]"
Add component (AddParameter): Name = "Supplier 1"; Value = "Mouser"; VariantName = "[No Variations]"
Add component (AddParameter): Name = "Supplier Part Number 1"; Value = "667-ERJ-6ENF1182V"; VariantName = "[No Variations]"
Add component (AddParameter): Name = "Tolerance"; Value = "1%"; VariantName = "[No Variations]"
Add component (AddParameter): Name = "Type"; Value = "Resistor"; VariantName = "[No Variations]"
Add component (AddParameter): Name = "Value"; Value = "11k8"; VariantName = "[No Variations]"
Add Component: Footprint Not Found SO-16_N
Added Component: Designator=R11(RES 0805_2012)
Add component (AddParameter): Name = "Component Type"; Value = "SMD resistor"; VariantName = "[No Variations]"
Add component (AddParameter): Name = "ComponentLink1Description"; Value = "Datasheet"; VariantName = "[No Variations]"
Add component (AddParameter): Name = "ComponentLink1URL"; Value = "https://www.mouser.de/datasheet/2/315/AOA0000C304-1149620.pdf"; VariantName = "[No Variations]"
Add component (AddParameter): Name = "Created from"; Value = "MGremer"; VariantName = "[No Variations]"
Add component (AddParameter): Name = "Created On"; Value = "14.12.2020 16:17:14"; VariantName = "[No Variations]"
Add component (AddParameter): Name = "Device Package"; Value = "0805"; VariantName = "[No Variations]"
Add component (AddParameter): Name = "Last Updated"; Value = "14.12.2020 18:22:52"; VariantName = "[No Variations]"
Add component (AddParameter): Name = "Live Cycle Status"; Value = "1"; VariantName = "[No Variations]"
Add component (AddParameter): Name = "Manufacturer"; Value = "Panasonic"; VariantName = "[No Variations]"
Add component (AddParameter): Name = "Manufacturer Part Number"; Value = "ERJ-6ENF1182V"; VariantName = "[No Variations]"
Add component (AddParameter): Name = "Mounting Type"; Value = "SMD"; VariantName = "[No Variations]"
Add component (AddParameter): Name = "PartID"; Value = "148"; VariantName = "[No Variations]"
Add component (AddParameter): Name = "Stock number"; Value = "not stored"; VariantName = "[No Variations]"
Add component (AddParameter): Name = "Supplier 1"; Value = "Mouser"; VariantName = "[No Variations]"
Add component (AddParameter): Name = "Supplier Part Number 1"; Value = "667-ERJ-6ENF1182V"; VariantName = "[No Variations]"
Add component (AddParameter): Name = "Tolerance"; Value = "1%"; VariantName = "[No Variations]"
Add component (AddParameter): Name = "Type"; Value = "Resistor"; VariantName = "[No Variations]"
Add component (AddParameter): Name = "Value"; Value = "11k8"; VariantName = "[No Variations]"
Added Component: Designator=R12(RES 0805_2012)
Add component (AddParameter): Name = "Component Type"; Value = "SMD resistor"; VariantName = "[No Variations]"
Add component (AddParameter): Name = "ComponentLink1Description"; Value = "Datasheet"; VariantName = "[No Variations]"
Add component (AddParameter): Name = "ComponentLink1URL"; Value = "https://www.mouser.de/datasheet/2/315/AOA0000C304-1149620.pdf"; VariantName = "[No Variations]"
Add component (AddParameter): Name = "Created from"; Value = "MGremer"; VariantName = "[No Variations]"
Add component (AddParameter): Name = "Created On"; Value = "14.12.2020 16:17:14"; VariantName = "[No Variations]"
Add component (AddParameter): Name = "Device Package"; Value = "0805"; VariantName = "[No Variations]"
Add component (AddParameter): Name = "Last Updated"; Value = "14.12.2020 18:22:52"; VariantName = "[No Variations]"
Add component (AddParameter): Name = "Live Cycle Status"; Value = "1"; VariantName = "[No Variations]"
Add component (AddParameter): Name = "Manufacturer"; Value = "Panasonic"; VariantName = "[No Variations]"
Add component (AddParameter): Name = "Manufacturer Part Number"; Value = "ERJ-6ENF1182V"; VariantName = "[No Variations]"
Add component (AddParameter): Name = "Mounting Type"; Value = "SMD"; VariantName = "[No Variations]"
Add component (AddParameter): Name = "PartID"; Value = "148"; VariantName = "[No Variations]"
Add component (AddParameter): Name = "Stock number"; Value = "not stored"; VariantName = "[No Variations]"
Add component (AddParameter): Name = "Supplier 1"; Value = "Mouser"; VariantName = "[No Variations]"
Add component (AddParameter): Name = "Supplier Part Number 1"; Value = "667-ERJ-6ENF1182V"; VariantName = "[No Variations]"
Add component (AddParameter): Name = "Tolerance"; Value = "1%"; VariantName = "[No Variations]"
Add component (AddParameter): Name = "Type"; Value = "Resistor"; VariantName = "[No Variations]"
Add component (AddParameter): Name = "Value"; Value = "11k8"; VariantName = "[No Variations]"
Added Component: Designator=R13(RES 0805_2012)
Add component (AddParameter): Name = "Component Type"; Value = "SMD resistor"; VariantName = "[No Variations]"
Add component (AddParameter): Name = "ComponentLink1Description"; Value = "Datasheet"; VariantName = "[No Variations]"
Add component (AddParameter): Name = "ComponentLink1URL"; Value = "https://www.mouser.de/datasheet/2/315/AOA0000C304-1149620.pdf"; VariantName = "[No Variations]"
Add component (AddParameter): Name = "Created from"; Value = "MGremer"; VariantName = "[No Variations]"
Add component (AddParameter): Name = "Created On"; Value = "14.12.2020 16:17:14"; VariantName = "[No Variations]"
Add component (AddParameter): Name = "Device Package"; Value = "0805"; VariantName = "[No Variations]"
Add component (AddParameter): Name = "Last Updated"; Value = "14.12.2020 18:22:52"; VariantName = "[No Variations]"
Add component (AddParameter): Name = "Live Cycle Status"; Value = "1"; VariantName = "[No Variations]"
Add component (AddParameter): Name = "Manufacturer"; Value = "Panasonic"; VariantName = "[No Variations]"
Add component (AddParameter): Name = "Manufacturer Part Number"; Value = "ERJ-6ENF1182V"; VariantName = "[No Variations]"
Add component (AddParameter): Name = "Mounting Type"; Value = "SMD"; VariantName = "[No Variations]"
Add component (AddParameter): Name = "PartID"; Value = "148"; VariantName = "[No Variations]"
Add component (AddParameter): Name = "Stock number"; Value = "not stored"; VariantName = "[No Variations]"
Add component (AddParameter): Name = "Supplier 1"; Value = "Mouser"; VariantName = "[No Variations]"
Add component (AddParameter): Name = "Supplier Part Number 1"; Value = "667-ERJ-6ENF1182V"; VariantName = "[No Variations]"
Add component (AddParameter): Name = "Tolerance"; Value = "1%"; VariantName = "[No Variations]"
Add component (AddParameter): Name = "Type"; Value = "Resistor"; VariantName = "[No Variations]"
Add component (AddParameter): Name = "Value"; Value = "11k8"; VariantName = "[No Variations]"
Add Component: Footprint Not Found SO-16_N
Add Component: Footprint Not Found Designator:comment
Add Component: Footprint Not Found SERIAL
Added Component: Designator=U1(TI ISO7230 SOIC)
Add component (AddParameter): Name = "Component Type"; Value = "Microcontroller"; VariantName = "[No Variations]"
Add component (AddParameter): Name = "ComponentLink1Description"; Value = "Datasheet"; VariantName = "[No Variations]"
Add component (AddParameter): Name = "ComponentLink1URL"; Value = "https://www.ti.com/lit/ds/symlink/iso7230m.pdf?HQS=dis-mous-null-mousermode-dsf-pf-null-wwe&ts=1639988443497&ref_url=https%253A%252F%252Fwww.mouser.de%252F"; VariantName = "[No Variations]"
Add component (AddParameter): Name = "Created from"; Value = "MHlatky"; VariantName = "[No Variations]"
Add component (AddParameter): Name = "Created On"; Value = "26.01.2021 09:03:43"; VariantName = "[No Variations]"
Add component (AddParameter): Name = "Last Updated"; Value = "17.06.2021 08:32:47"; VariantName = "[No Variations]"
Add component (AddParameter): Name = "Live Cycle Status"; Value = "1"; VariantName = "[No Variations]"
Add component (AddParameter): Name = "Manufacturer"; Value = "Analog Devices"; VariantName = "[No Variations]"
Add component (AddParameter): Name = "Manufacturer Part Number"; Value = "ISO7230MDW"; VariantName = "[No Variations]"
Add component (AddParameter): Name = "Mounting Type"; Value = "SOIC"; VariantName = "[No Variations]"
Add component (AddParameter): Name = "Operating Temperature"; Value = "-40 - +125 °C"; VariantName = "[No Variations]"
Add component (AddParameter): Name = "PartID"; Value = "5"; VariantName = "[No Variations]"
Add component (AddParameter): Name = "Stock number"; Value = "not stored"; VariantName = "[No Variations]"
Add component (AddParameter): Name = "Supplier 1"; Value = "Mouser"; VariantName = "[No Variations]"
Add component (AddParameter): Name = "Supplier Part Number 1"; Value = "595-ISO7230MDW"; VariantName = "[No Variations]"
Add component (AddParameter): Name = "Type"; Value = "Microcontroller"; VariantName = "[No Variations]"
Add Component: Footprint Not Found M16A_M
Added Component: Designator=U3(SIL-6(7))
Add component (AddParameter): Name = "Component Type"; Value = "DC-DC Converter"; VariantName = "[No Variations]"
Add component (AddParameter): Name = "ComponentLink1Description"; Value = "Datasheet"; VariantName = "[No Variations]"
Add component (AddParameter): Name = "ComponentLink1URL"; Value = "https://www.tracopower.com/products/tmh.pdf"; VariantName = "[No Variations]"
Add component (AddParameter): Name = "Created from"; Value = "MHlatky"; VariantName = "[No Variations]"
Add component (AddParameter): Name = "Created On"; Value = "16.11.2021 07:44:11"; VariantName = "[No Variations]"
Add component (AddParameter): Name = "Device Package"; Value = "SIP"; VariantName = "[No Variations]"
Add component (AddParameter): Name = "Last Updated"; Value = "16.11.2021 07:44:11"; VariantName = "[No Variations]"
Add component (AddParameter): Name = "Live Cycle Status"; Value = "1"; VariantName = "[No Variations]"
Add component (AddParameter): Name = "Manufacturer"; Value = "Traco"; VariantName = "[No Variations]"
Add component (AddParameter): Name = "Manufacturer Part Number"; Value = "TMH 0505S"; VariantName = "[No Variations]"
Add component (AddParameter): Name = "Mounting Type"; Value = "SMD"; VariantName = "[No Variations]"
Add component (AddParameter): Name = "Operating Temperature"; Value = "-40 - 85 °C"; VariantName = "[No Variations]"
Add component (AddParameter): Name = "PartID"; Value = "20"; VariantName = "[No Variations]"
Add component (AddParameter): Name = "Series"; Value = "TMH"; VariantName = "[No Variations]"
Add component (AddParameter): Name = "Stock number"; Value = "not stored"; VariantName = "[No Variations]"
Add component (AddParameter): Name = "Supplier 1"; Value = "Mouser"; VariantName = "[No Variations]"
Add component (AddParameter): Name = "Supplier Part Number 1"; Value = "495-TMH-0505S"; VariantName = "[No Variations]"
Add component (AddParameter): Name = "Type"; Value = "isolated DC-DC Converter"; VariantName = "[No Variations]"
Add Component: Footprint Not Found M16A_M
Added Component: Designator=U5(SIL-6(7))
Add component (AddParameter): Name = "Component Type"; Value = "DC-DC Converter"; VariantName = "[No Variations]"
Add component (AddParameter): Name = "ComponentLink1Description"; Value = "Datasheet"; VariantName = "[No Variations]"
Add component (AddParameter): Name = "ComponentLink1URL"; Value = "https://www.tracopower.com/products/tmh.pdf"; VariantName = "[No Variations]"
Add component (AddParameter): Name = "Created from"; Value = "MHlatky"; VariantName = "[No Variations]"
Add component (AddParameter): Name = "Created On"; Value = "16.11.2021 07:44:11"; VariantName = "[No Variations]"
Add component (AddParameter): Name = "Device Package"; Value = "SIP"; VariantName = "[No Variations]"
Add component (AddParameter): Name = "Last Updated"; Value = "16.11.2021 07:44:11"; VariantName = "[No Variations]"
Add component (AddParameter): Name = "Live Cycle Status"; Value = "1"; VariantName = "[No Variations]"
Add component (AddParameter): Name = "Manufacturer"; Value = "Traco"; VariantName = "[No Variations]"
Add component (AddParameter): Name = "Manufacturer Part Number"; Value = "TMH 0505S"; VariantName = "[No Variations]"
Add component (AddParameter): Name = "Mounting Type"; Value = "SMD"; VariantName = "[No Variations]"
Add component (AddParameter): Name = "Operating Temperature"; Value = "-40 - 85 °C"; VariantName = "[No Variations]"
Add component (AddParameter): Name = "PartID"; Value = "20"; VariantName = "[No Variations]"
Add component (AddParameter): Name = "Series"; Value = "TMH"; VariantName = "[No Variations]"
Add component (AddParameter): Name = "Stock number"; Value = "not stored"; VariantName = "[No Variations]"
Add component (AddParameter): Name = "Supplier 1"; Value = "Mouser"; VariantName = "[No Variations]"
Add component (AddParameter): Name = "Supplier Part Number 1"; Value = "495-TMH-0505S"; VariantName = "[No Variations]"
Add component (AddParameter): Name = "Type"; Value = "isolated DC-DC Converter"; VariantName = "[No Variations]"
Added Component: Designator=U6(TI ISO7230 SOIC)
Add component (AddParameter): Name = "Component Type"; Value = "Microcontroller"; VariantName = "[No Variations]"
Add component (AddParameter): Name = "ComponentLink1Description"; Value = "Datasheet"; VariantName = "[No Variations]"
Add component (AddParameter): Name = "ComponentLink1URL"; Value = "https://www.ti.com/lit/ds/symlink/iso7230m.pdf?HQS=dis-mous-null-mousermode-dsf-pf-null-wwe&ts=1639988443497&ref_url=https%253A%252F%252Fwww.mouser.de%252F"; VariantName = "[No Variations]"
Add component (AddParameter): Name = "Created from"; Value = "MHlatky"; VariantName = "[No Variations]"
Add component (AddParameter): Name = "Created On"; Value = "26.01.2021 09:03:43"; VariantName = "[No Variations]"
Add component (AddParameter): Name = "Last Updated"; Value = "17.06.2021 08:32:47"; VariantName = "[No Variations]"
Add component (AddParameter): Name = "Live Cycle Status"; Value = "1"; VariantName = "[No Variations]"
Add component (AddParameter): Name = "Manufacturer"; Value = "Analog Devices"; VariantName = "[No Variations]"
Add component (AddParameter): Name = "Manufacturer Part Number"; Value = "ISO7230MDW"; VariantName = "[No Variations]"
Add component (AddParameter): Name = "Mounting Type"; Value = "SOIC"; VariantName = "[No Variations]"
Add component (AddParameter): Name = "Operating Temperature"; Value = "-40 - +125 °C"; VariantName = "[No Variations]"
Add component (AddParameter): Name = "PartID"; Value = "5"; VariantName = "[No Variations]"
Add component (AddParameter): Name = "Stock number"; Value = "not stored"; VariantName = "[No Variations]"
Add component (AddParameter): Name = "Supplier 1"; Value = "Mouser"; VariantName = "[No Variations]"
Add component (AddParameter): Name = "Supplier Part Number 1"; Value = "595-ISO7230MDW"; VariantName = "[No Variations]"
Add component (AddParameter): Name = "Type"; Value = "Microcontroller"; VariantName = "[No Variations]"
Add Component: Footprint Not Found M16A_M
Added Component: Designator=U8(SIL-6(7))
Add component (AddParameter): Name = "Component Type"; Value = "DC-DC Converter"; VariantName = "[No Variations]"
Add component (AddParameter): Name = "ComponentLink1Description"; Value = "Datasheet"; VariantName = "[No Variations]"
Add component (AddParameter): Name = "ComponentLink1URL"; Value = "https://www.tracopower.com/products/tmh.pdf"; VariantName = "[No Variations]"
Add component (AddParameter): Name = "Created from"; Value = "MHlatky"; VariantName = "[No Variations]"
Add component (AddParameter): Name = "Created On"; Value = "16.11.2021 07:44:11"; VariantName = "[No Variations]"
Add component (AddParameter): Name = "Device Package"; Value = "SIP"; VariantName = "[No Variations]"
Add component (AddParameter): Name = "Last Updated"; Value = "16.11.2021 07:44:11"; VariantName = "[No Variations]"
Add component (AddParameter): Name = "Live Cycle Status"; Value = "1"; VariantName = "[No Variations]"
Add component (AddParameter): Name = "Manufacturer"; Value = "Traco"; VariantName = "[No Variations]"
Add component (AddParameter): Name = "Manufacturer Part Number"; Value = "TMH 0505S"; VariantName = "[No Variations]"
Add component (AddParameter): Name = "Mounting Type"; Value = "SMD"; VariantName = "[No Variations]"
Add component (AddParameter): Name = "Operating Temperature"; Value = "-40 - 85 °C"; VariantName = "[No Variations]"
Add component (AddParameter): Name = "PartID"; Value = "20"; VariantName = "[No Variations]"
Add component (AddParameter): Name = "Series"; Value = "TMH"; VariantName = "[No Variations]"
Add component (AddParameter): Name = "Stock number"; Value = "not stored"; VariantName = "[No Variations]"
Add component (AddParameter): Name = "Supplier 1"; Value = "Mouser"; VariantName = "[No Variations]"
Add component (AddParameter): Name = "Supplier Part Number 1"; Value = "495-TMH-0505S"; VariantName = "[No Variations]"
Add component (AddParameter): Name = "Type"; Value = "isolated DC-DC Converter"; VariantName = "[No Variations]"
Added Component: Designator=U9(TI ISO7230 SOIC)
Add component (AddParameter): Name = "Component Type"; Value = "Microcontroller"; VariantName = "[No Variations]"
Add component (AddParameter): Name = "ComponentLink1Description"; Value = "Datasheet"; VariantName = "[No Variations]"
Add component (AddParameter): Name = "ComponentLink1URL"; Value = "https://www.ti.com/lit/ds/symlink/iso7230m.pdf?HQS=dis-mous-null-mousermode-dsf-pf-null-wwe&ts=1639988443497&ref_url=https%253A%252F%252Fwww.mouser.de%252F"; VariantName = "[No Variations]"
Add component (AddParameter): Name = "Created from"; Value = "MHlatky"; VariantName = "[No Variations]"
Add component (AddParameter): Name = "Created On"; Value = "26.01.2021 09:03:43"; VariantName = "[No Variations]"
Add component (AddParameter): Name = "Last Updated"; Value = "17.06.2021 08:32:47"; VariantName = "[No Variations]"
Add component (AddParameter): Name = "Live Cycle Status"; Value = "1"; VariantName = "[No Variations]"
Add component (AddParameter): Name = "Manufacturer"; Value = "Analog Devices"; VariantName = "[No Variations]"
Add component (AddParameter): Name = "Manufacturer Part Number"; Value = "ISO7230MDW"; VariantName = "[No Variations]"
Add component (AddParameter): Name = "Mounting Type"; Value = "SOIC"; VariantName = "[No Variations]"
Add component (AddParameter): Name = "Operating Temperature"; Value = "-40 - +125 °C"; VariantName = "[No Variations]"
Add component (AddParameter): Name = "PartID"; Value = "5"; VariantName = "[No Variations]"
Add component (AddParameter): Name = "Stock number"; Value = "not stored"; VariantName = "[No Variations]"
Add component (AddParameter): Name = "Supplier 1"; Value = "Mouser"; VariantName = "[No Variations]"
Add component (AddParameter): Name = "Supplier Part Number 1"; Value = "595-ISO7230MDW"; VariantName = "[No Variations]"
Add component (AddParameter): Name = "Type"; Value = "Microcontroller"; VariantName = "[No Variations]"
Added Component: Designator=X2(SAMTEC_TSW-110-07-F-T)
Add component (AddParameter): Name = "Availability"; Value = "Unavailable"; VariantName = "[No Variations]"
Add component (AddParameter): Name = "Component Type"; Value = "Pin Header"; VariantName = "[No Variations]"
Add component (AddParameter): Name = "ComponentLink1Description"; Value = "Datasheet"; VariantName = "[No Variations]"
Add component (AddParameter): Name = "ComponentLink1URL"; Value = "https://www.mouser.de/datasheet/2/527/tsw_th-2854687.pdf"; VariantName = "[No Variations]"
Add component (AddParameter): Name = "Created from"; Value = "MHlatky"; VariantName = "[No Variations]"
Add component (AddParameter): Name = "Created On"; Value = "22.11.2021 15:31:45"; VariantName = "[No Variations]"
Add component (AddParameter): Name = "Device Package"; Value = "THT"; VariantName = "[No Variations]"
Add component (AddParameter): Name = "Last Updated"; Value = "20.12.2021 07:38:08"; VariantName = "[No Variations]"
Add component (AddParameter): Name = "Live Cycle Status"; Value = "1"; VariantName = "[No Variations]"
Add component (AddParameter): Name = "Manufacturer"; Value = "SAMTEC"; VariantName = "[No Variations]"
Add component (AddParameter): Name = "Manufacturer Part Number"; Value = "TSW-110-07-F-T"; VariantName = "[No Variations]"
Add component (AddParameter): Name = "MF"; Value = "Samtec Inc."; VariantName = "[No Variations]"
Add component (AddParameter): Name = "Mounting Type"; Value = "THT"; VariantName = "[No Variations]"
Add component (AddParameter): Name = "MP"; Value = "TSW-110-07-F-T"; VariantName = "[No Variations]"
Add component (AddParameter): Name = "Operating Temperature"; Value = "-55 +125 °C"; VariantName = "[No Variations]"
Add component (AddParameter): Name = "Package"; Value = "None"; VariantName = "[No Variations]"
Add component (AddParameter): Name = "PartID"; Value = "7"; VariantName = "[No Variations]"
Add component (AddParameter): Name = "Price"; Value = "None"; VariantName = "[No Variations]"
Add component (AddParameter): Name = "Series"; Value = "TSW"; VariantName = "[No Variations]"
Add component (AddParameter): Name = "Stock number"; Value = "not stored"; VariantName = "[No Variations]"
Add component (AddParameter): Name = "Supplier 1"; Value = "Mouser"; VariantName = "[No Variations]"
Add component (AddParameter): Name = "Supplier Part Number 1"; Value = "200-TSW11007FT"; VariantName = "[No Variations]"
Add component (AddParameter): Name = "Type"; Value = "Pin Header"; VariantName = "[No Variations]"
Add component (AddParameter): Name = "Value"; Value = ""; VariantName = "[No Variations]"
Added Component: Designator=X3(SAMTEC_TSW-110-07-F-T)
Add component (AddParameter): Name = "Availability"; Value = "Unavailable"; VariantName = "[No Variations]"
Add component (AddParameter): Name = "Component Type"; Value = "Pin Header"; VariantName = "[No Variations]"
Add component (AddParameter): Name = "ComponentLink1Description"; Value = "Datasheet"; VariantName = "[No Variations]"
Add component (AddParameter): Name = "ComponentLink1URL"; Value = "https://www.mouser.de/datasheet/2/527/tsw_th-2854687.pdf"; VariantName = "[No Variations]"
Add component (AddParameter): Name = "Created from"; Value = "MHlatky"; VariantName = "[No Variations]"
Add component (AddParameter): Name = "Created On"; Value = "22.11.2021 15:31:45"; VariantName = "[No Variations]"
Add component (AddParameter): Name = "Device Package"; Value = "THT"; VariantName = "[No Variations]"
Add component (AddParameter): Name = "Last Updated"; Value = "20.12.2021 07:38:08"; VariantName = "[No Variations]"
Add component (AddParameter): Name = "Live Cycle Status"; Value = "1"; VariantName = "[No Variations]"
Add component (AddParameter): Name = "Manufacturer"; Value = "SAMTEC"; VariantName = "[No Variations]"
Add component (AddParameter): Name = "Manufacturer Part Number"; Value = "TSW-110-07-F-T"; VariantName = "[No Variations]"
Add component (AddParameter): Name = "MF"; Value = "Samtec Inc."; VariantName = "[No Variations]"
Add component (AddParameter): Name = "Mounting Type"; Value = "THT"; VariantName = "[No Variations]"
Add component (AddParameter): Name = "MP"; Value = "TSW-110-07-F-T"; VariantName = "[No Variations]"
Add component (AddParameter): Name = "Operating Temperature"; Value = "-55 +125 °C"; VariantName = "[No Variations]"
Add component (AddParameter): Name = "Package"; Value = "None"; VariantName = "[No Variations]"
Add component (AddParameter): Name = "PartID"; Value = "7"; VariantName = "[No Variations]"
Add component (AddParameter): Name = "Price"; Value = "None"; VariantName = "[No Variations]"
Add component (AddParameter): Name = "Series"; Value = "TSW"; VariantName = "[No Variations]"
Add component (AddParameter): Name = "Stock number"; Value = "not stored"; VariantName = "[No Variations]"
Add component (AddParameter): Name = "Supplier 1"; Value = "Mouser"; VariantName = "[No Variations]"
Add component (AddParameter): Name = "Supplier Part Number 1"; Value = "200-TSW11007FT"; VariantName = "[No Variations]"
Add component (AddParameter): Name = "Type"; Value = "Pin Header"; VariantName = "[No Variations]"
Add component (AddParameter): Name = "Value"; Value = ""; VariantName = "[No Variations]"
Added Component: Designator=X4(SAMTEC_TSW-106-07-F-D)
Add component (AddParameter): Name = "Availability"; Value = "Unavailable"; VariantName = "[No Variations]"
Add component (AddParameter): Name = "Component Type"; Value = "Pin Header"; VariantName = "[No Variations]"
Add component (AddParameter): Name = "ComponentLink1Description"; Value = "Datasheet"; VariantName = "[No Variations]"
Add component (AddParameter): Name = "ComponentLink1URL"; Value = "https://www.mouser.de/datasheet/2/527/tsw_th-2854687.pdf"; VariantName = "[No Variations]"
Add component (AddParameter): Name = "Created from"; Value = "MHlatky"; VariantName = "[No Variations]"
Add component (AddParameter): Name = "Created On"; Value = "22.11.2021 15:31:45"; VariantName = "[No Variations]"
Add component (AddParameter): Name = "Device Package"; Value = "THT"; VariantName = "[No Variations]"
Add component (AddParameter): Name = "Last Updated"; Value = "20.12.2021 07:38:08"; VariantName = "[No Variations]"
Add component (AddParameter): Name = "Live Cycle Status"; Value = "1"; VariantName = "[No Variations]"
Add component (AddParameter): Name = "Manufacturer"; Value = "SAMTEC"; VariantName = "[No Variations]"
Add component (AddParameter): Name = "Manufacturer Part Number"; Value = "TSW-106-07-F-D"; VariantName = "[No Variations]"
Add component (AddParameter): Name = "MF"; Value = "Samtec"; VariantName = "[No Variations]"
Add component (AddParameter): Name = "Mounting Type"; Value = "THT"; VariantName = "[No Variations]"
Add component (AddParameter): Name = "MP"; Value = "TSW-106-07-F-D"; VariantName = "[No Variations]"
Add component (AddParameter): Name = "Operating Temperature"; Value = "-55 +125 °C"; VariantName = "[No Variations]"
Add component (AddParameter): Name = "Package"; Value = "None"; VariantName = "[No Variations]"
Add component (AddParameter): Name = "PartID"; Value = "8"; VariantName = "[No Variations]"
Add component (AddParameter): Name = "Price"; Value = "None"; VariantName = "[No Variations]"
Add component (AddParameter): Name = "Series"; Value = "TSW"; VariantName = "[No Variations]"
Add component (AddParameter): Name = "Stock number"; Value = "not stored"; VariantName = "[No Variations]"
Add component (AddParameter): Name = "Supplier 1"; Value = "Mouser"; VariantName = "[No Variations]"
Add component (AddParameter): Name = "Supplier Part Number 1"; Value = "200-TSW10607FD"; VariantName = "[No Variations]"
Add component (AddParameter): Name = "Type"; Value = "Pin Header"; VariantName = "[No Variations]"
Add component (AddParameter): Name = "Value"; Value = ""; VariantName = "[No Variations]"
Added Component: Designator=X5(HDR1X8)
Add component (AddParameter): Name = "Component Type"; Value = "Pin Header"; VariantName = "[No Variations]"
Add component (AddParameter): Name = "ComponentLink1Description"; Value = "Datasheet"; VariantName = "[No Variations]"
Add component (AddParameter): Name = "Created from"; Value = "MHlatky"; VariantName = "[No Variations]"
Add component (AddParameter): Name = "Created On"; Value = "22.11.2021 15:31:45"; VariantName = "[No Variations]"
Add component (AddParameter): Name = "Last Updated"; Value = "20.12.2021 07:38:08"; VariantName = "[No Variations]"
Add component (AddParameter): Name = "Live Cycle Status"; Value = "1"; VariantName = "[No Variations]"
Add component (AddParameter): Name = "Manufacturer Part Number"; Value = "HDR1X8"; VariantName = "[No Variations]"
Add component (AddParameter): Name = "PartID"; Value = "9"; VariantName = "[No Variations]"
Add component (AddParameter): Name = "Stock number"; Value = "not stored"; VariantName = "[No Variations]"
Add component (AddParameter): Name = "Supplier 1"; Value = "Altium"; VariantName = "[No Variations]"
Add component (AddParameter): Name = "Supplier Part Number 1"; Value = "HDR1X8"; VariantName = "[No Variations]"
Add component (AddParameter): Name = "Type"; Value = "Pin Header"; VariantName = "[No Variations]"
Added Component: Designator=X6(HDR1X8)
Add component (AddParameter): Name = "Component Type"; Value = "Pin Header"; VariantName = "[No Variations]"
Add component (AddParameter): Name = "ComponentLink1Description"; Value = "Datasheet"; VariantName = "[No Variations]"
Add component (AddParameter): Name = "Created from"; Value = "MHlatky"; VariantName = "[No Variations]"
Add component (AddParameter): Name = "Created On"; Value = "22.11.2021 15:31:45"; VariantName = "[No Variations]"
Add component (AddParameter): Name = "Last Updated"; Value = "20.12.2021 07:38:08"; VariantName = "[No Variations]"
Add component (AddParameter): Name = "Live Cycle Status"; Value = "1"; VariantName = "[No Variations]"
Add component (AddParameter): Name = "Manufacturer Part Number"; Value = "HDR1X8"; VariantName = "[No Variations]"
Add component (AddParameter): Name = "PartID"; Value = "9"; VariantName = "[No Variations]"
Add component (AddParameter): Name = "Stock number"; Value = "not stored"; VariantName = "[No Variations]"
Add component (AddParameter): Name = "Supplier 1"; Value = "Altium"; VariantName = "[No Variations]"
Add component (AddParameter): Name = "Supplier Part Number 1"; Value = "HDR1X8"; VariantName = "[No Variations]"
Add component (AddParameter): Name = "Type"; Value = "Pin Header"; VariantName = "[No Variations]"
Added Component: Designator=X7(HDR1X8)
Add component (AddParameter): Name = "Component Type"; Value = "Pin Header"; VariantName = "[No Variations]"
Add component (AddParameter): Name = "ComponentLink1Description"; Value = "Datasheet"; VariantName = "[No Variations]"
Add component (AddParameter): Name = "Created from"; Value = "MHlatky"; VariantName = "[No Variations]"
Add component (AddParameter): Name = "Created On"; Value = "22.11.2021 15:31:45"; VariantName = "[No Variations]"
Add component (AddParameter): Name = "Last Updated"; Value = "20.12.2021 07:38:08"; VariantName = "[No Variations]"
Add component (AddParameter): Name = "Live Cycle Status"; Value = "1"; VariantName = "[No Variations]"
Add component (AddParameter): Name = "Manufacturer Part Number"; Value = "HDR1X8"; VariantName = "[No Variations]"
Add component (AddParameter): Name = "PartID"; Value = "9"; VariantName = "[No Variations]"
Add component (AddParameter): Name = "Stock number"; Value = "not stored"; VariantName = "[No Variations]"
Add component (AddParameter): Name = "Supplier 1"; Value = "Altium"; VariantName = "[No Variations]"
Add component (AddParameter): Name = "Supplier Part Number 1"; Value = "HDR1X8"; VariantName = "[No Variations]"
Add component (AddParameter): Name = "Type"; Value = "Pin Header"; VariantName = "[No Variations]"
Added Pin To Net: NetName=GND Pin=C2-1
Added Pin To Net: NetName=GND Pin=C12-1
Added Pin To Net: NetName=GND Pin=C18-1
Added Pin To Net: NetName=VIN Pin=F1-1
Added Pin To Net: NetName=5V_PER Pin=F2-1
Added Pin To Net: NetName=3V3_PER Pin=F3-1
Add Pin To Net: Unknown Pin: Pin R5-1
Add Pin To Net: Unknown Pin: Pin R5-2
Add Pin To Net: Unknown Pin: Pin R6-1
Add Pin To Net: Unknown Pin: Pin R6-2
Added Pin To Net: NetName=GND Pin=U1-9
Added Pin To Net: NetName=DIG_IO_12 Pin=U1-14
Added Pin To Net: NetName=GND Pin=U1-15
Added Pin To Net: NetName=GND Pin=U3-2
Added Pin To Net: NetName=GND Pin=U5-2
Added Pin To Net: NetName=GND Pin=U6-9
Added Pin To Net: NetName=DIG_IO_15 Pin=U6-14
Added Pin To Net: NetName=GND Pin=U6-15
Added Pin To Net: NetName=GND Pin=U8-2
Added Pin To Net: NetName=GND Pin=U9-9
Added Pin To Net: NetName=DIG_IO_18 Pin=U9-14
Added Pin To Net: NetName=GND Pin=U9-15
Added Pin To Net: NetName=DIG_IO_00 Pin=X2-01
Added Pin To Net: NetName=GND Pin=X2-03
Added Pin To Net: NetName=DIG_IO_01 Pin=X2-04
Added Pin To Net: NetName=DIG_IO_02 Pin=X2-05
Added Pin To Net: NetName=GND Pin=X2-06
Added Pin To Net: NetName=DIG_IO_03 Pin=X2-07
Added Pin To Net: NetName=DIG_IO_04 Pin=X2-08
Added Pin To Net: NetName=GND Pin=X2-09
Added Pin To Net: NetName=DIG_IO_05 Pin=X2-10
Added Pin To Net: NetName=DIG_IO_06 Pin=X2-11
Added Pin To Net: NetName=GND Pin=X2-12
Added Pin To Net: NetName=DIG_IO_07 Pin=X2-13
Added Pin To Net: NetName=DIG_IO_08 Pin=X2-14
Added Pin To Net: NetName=GND Pin=X2-15
Added Pin To Net: NetName=DIG_IO_09 Pin=X2-16
Added Pin To Net: NetName=DIG_IO_10 Pin=X2-17
Added Pin To Net: NetName=GND Pin=X2-18
Added Pin To Net: NetName=DIG_IO_11 Pin=X2-19
Added Pin To Net: NetName=DIG_IO_12 Pin=X2-20
Added Pin To Net: NetName=GND Pin=X2-21
Added Pin To Net: NetName=GND Pin=X2-24
Added Pin To Net: NetName=DIG_IO_15 Pin=X2-25
Added Pin To Net: NetName=GND Pin=X2-27
Added Pin To Net: NetName=DIG_IO_18 Pin=X2-29
Added Pin To Net: NetName=GND Pin=X2-30
Added Pin To Net: NetName=DIG_IO_21 Pin=X3-01
Added Pin To Net: NetName=GND Pin=X3-03
Added Pin To Net: NetName=DIG_IO_23 Pin=X3-04
Added Pin To Net: NetName=DIG_IO_22 Pin=X3-05
Added Pin To Net: NetName=GND Pin=X3-06
Added Pin To Net: NetName=DIG_IO_25 Pin=X3-07
Added Pin To Net: NetName=DIG_IO_24 Pin=X3-08
Added Pin To Net: NetName=DIG_Res_00 Pin=X3-09
Added Pin To Net: NetName=DIG_IO_27 Pin=X3-10
Added Pin To Net: NetName=DIG_IO_26 Pin=X3-11
Added Pin To Net: NetName=DIG_Res_01 Pin=X3-12
Added Pin To Net: NetName=DIG_IO_29 Pin=X3-13
Added Pin To Net: NetName=DIG_IO_28 Pin=X3-14
Added Pin To Net: NetName=DIG_Res_02 Pin=X3-15
Added Pin To Net: NetName=DIG_Res_07 Pin=X3-16
Added Pin To Net: NetName=DIG_Res_08 Pin=X3-17
Added Pin To Net: NetName=DIG_Res_03 Pin=X3-18
Added Pin To Net: NetName=CPLD_DigIn_01 Pin=X3-19
Added Pin To Net: NetName=CPLD_DigOut_01 Pin=X3-20
Added Pin To Net: NetName=DIG_Res_04 Pin=X3-21
Added Pin To Net: NetName=CPLD_DigIn_02 Pin=X3-22
Added Pin To Net: NetName=CPLD_DigOut_02 Pin=X3-23
Added Pin To Net: NetName=DIG_Res_05 Pin=X3-24
Added Pin To Net: NetName=I2C0_SCL Pin=X3-25
Added Pin To Net: NetName=I2C0_SCA Pin=X3-26
Added Pin To Net: NetName=DIG_Res_06 Pin=X3-27
Added Pin To Net: NetName=PILOT_OUT Pin=X3-28
Added Pin To Net: NetName=PILOT_IN Pin=X3-29
Added Pin To Net: NetName=Collective_FLT Pin=X3-30
Added Pin To Net: NetName=GND Pin=X4-03
Added Pin To Net: NetName=GND Pin=X4-04
Added Pin To Net: NetName=GND Pin=X4-07
Added Pin To Net: NetName=GND Pin=X4-08
Added Pin To Net: NetName=GND Pin=X4-11
Added Pin To Net: NetName=GND Pin=X4-12
Added Pin To Net: NetName=+3V3 Pin=C2-2
Added Pin To Net: NetName=+3V3 Pin=C12-2
Added Pin To Net: NetName=+3V3 Pin=C18-2
Added Pin To Net: NetName=+3V3 Pin=U1-10
Added Pin To Net: NetName=+3V3 Pin=U1-16
Added Pin To Net: NetName=+3V3 Pin=U6-10
Added Pin To Net: NetName=+3V3 Pin=U6-16
Added Pin To Net: NetName=+3V3 Pin=U9-10
Added Pin To Net: NetName=+3V3 Pin=U9-16
Added Net: Name=+3V3
Added Pin To Net: NetName=+5 Pin=U3-1
Added Pin To Net: NetName=+5 Pin=U5-1
Added Pin To Net: NetName=+5 Pin=U8-1
Added Net: Name=+5
Added Pin To Net: NetName=3V3_PER_fused Pin=F3-2
Added Pin To Net: NetName=3V3_PER_fused Pin=X4-09
Added Pin To Net: NetName=3V3_PER_fused Pin=X4-10
Added Net: Name=3V3_PER_fused
Added Pin To Net: NetName=5V_PER_fused Pin=F2-2
Added Pin To Net: NetName=5V_PER_fused Pin=X4-05
Added Pin To Net: NetName=5V_PER_fused Pin=X4-06
Added Net: Name=5V_PER_fused
Added Pin To Net: NetName=A+_CH1 Pin=C3-2
Added Pin To Net: NetName=A+_CH1 Pin=C4-2
Added Pin To Net: NetName=A+_CH1 Pin=C6-2
Added Pin To Net: NetName=A+_CH1 Pin=J1-3
Added Pin To Net: NetName=A+_CH1 Pin=J1-4
Added Pin To Net: NetName=A+_CH1 Pin=J1-5
Added Pin To Net: NetName=A+_CH1 Pin=J1-7
Added Pin To Net: NetName=A+_CH1 Pin=J1-8
Added Pin To Net: NetName=A+_CH1 Pin=J1-9
Added Pin To Net: NetName=A+_CH1 Pin=R1-1
Added Pin To Net: NetName=A+_CH1 Pin=R2-1
Added Pin To Net: NetName=A+_CH1 Pin=R3-1
Added Pin To Net: NetName=A+_CH1 Pin=X5-1
Added Pin To Net: NetName=A+_CH1 Pin=X5-2
Added Pin To Net: NetName=A+_CH1 Pin=X5-3
Added Pin To Net: NetName=A+_CH1 Pin=X5-4
Added Pin To Net: NetName=A+_CH1 Pin=X5-5
Added Pin To Net: NetName=A+_CH1 Pin=X5-6
Added Net: Name=A+_CH1
Added Pin To Net: NetName=A+_CH2 Pin=C7-2
Added Pin To Net: NetName=A+_CH2 Pin=C8-2
Added Pin To Net: NetName=A+_CH2 Pin=C9-2
Added Pin To Net: NetName=A+_CH2 Pin=J2-3
Added Pin To Net: NetName=A+_CH2 Pin=J2-4
Added Pin To Net: NetName=A+_CH2 Pin=J2-5
Added Pin To Net: NetName=A+_CH2 Pin=J2-7
Added Pin To Net: NetName=A+_CH2 Pin=J2-8
Added Pin To Net: NetName=A+_CH2 Pin=J2-9
Added Pin To Net: NetName=A+_CH2 Pin=R7-1
Added Pin To Net: NetName=A+_CH2 Pin=R8-1
Added Pin To Net: NetName=A+_CH2 Pin=R9-1
Added Pin To Net: NetName=A+_CH2 Pin=X6-1
Added Pin To Net: NetName=A+_CH2 Pin=X6-2
Added Pin To Net: NetName=A+_CH2 Pin=X6-3
Added Pin To Net: NetName=A+_CH2 Pin=X6-4
Added Pin To Net: NetName=A+_CH2 Pin=X6-5
Added Pin To Net: NetName=A+_CH2 Pin=X6-6
Added Net: Name=A+_CH2
Added Pin To Net: NetName=A+_CH3 Pin=C13-2
Added Pin To Net: NetName=A+_CH3 Pin=C14-2
Added Pin To Net: NetName=A+_CH3 Pin=C15-2
Added Pin To Net: NetName=A+_CH3 Pin=J3-3
Added Pin To Net: NetName=A+_CH3 Pin=J3-4
Added Pin To Net: NetName=A+_CH3 Pin=J3-5
Added Pin To Net: NetName=A+_CH3 Pin=J3-7
Added Pin To Net: NetName=A+_CH3 Pin=J3-8
Added Pin To Net: NetName=A+_CH3 Pin=J3-9
Added Pin To Net: NetName=A+_CH3 Pin=R11-1
Added Pin To Net: NetName=A+_CH3 Pin=R12-1
Added Pin To Net: NetName=A+_CH3 Pin=R13-1
Added Pin To Net: NetName=A+_CH3 Pin=X7-1
Added Pin To Net: NetName=A+_CH3 Pin=X7-2
Added Pin To Net: NetName=A+_CH3 Pin=X7-3
Added Pin To Net: NetName=A+_CH3 Pin=X7-4
Added Pin To Net: NetName=A+_CH3 Pin=X7-5
Added Pin To Net: NetName=A+_CH3 Pin=X7-6
Added Net: Name=A+_CH3
Added Pin To Net: NetName=A_encoder1 Pin=U1-12
Added Pin To Net: NetName=A_encoder1 Pin=X1-45
Added Pin To Net: NetName=A_encoder1 Pin=X2-23
Added Net: Name=A_encoder1
Added Pin To Net: NetName=A_encoder2 Pin=U6-12
Added Pin To Net: NetName=A_encoder2 Pin=X1-50
Added Pin To Net: NetName=A_encoder2 Pin=X2-28
Added Net: Name=A_encoder2
Added Pin To Net: NetName=A_encoder3 Pin=U9-12
Added Pin To Net: NetName=A_encoder3 Pin=X1-57
Added Pin To Net: NetName=A_encoder3 Pin=X3-02
Added Net: Name=A_encoder3
Added Pin To Net: NetName=A_single_CH1 Pin=U1-5
Added Net: Name=A_single_CH1
Added Pin To Net: NetName=A_single_CH2 Pin=U6-5
Added Net: Name=A_single_CH2
Added Pin To Net: NetName=A_single_CH3 Pin=U9-5
Added Net: Name=A_single_CH3
Added Pin To Net: NetName=B_encoder1 Pin=U1-13
Added Pin To Net: NetName=B_encoder1 Pin=X1-42
Added Pin To Net: NetName=B_encoder1 Pin=X2-22
Added Net: Name=B_encoder1
Added Pin To Net: NetName=B_encoder2 Pin=U6-13
Added Pin To Net: NetName=B_encoder2 Pin=X1-49
Added Pin To Net: NetName=B_encoder2 Pin=X2-26
Added Net: Name=B_encoder2
Added Pin To Net: NetName=B_encoder3 Pin=U9-13
Added Pin To Net: NetName=B_encoder3 Pin=X1-54
Added Pin To Net: NetName=B_encoder3 Pin=X2-02
Added Net: Name=B_encoder3
Added Pin To Net: NetName=B_single_CH1 Pin=U1-4
Added Net: Name=B_single_CH1
Added Pin To Net: NetName=B_single_CH2 Pin=U6-4
Added Net: Name=B_single_CH2
Added Pin To Net: NetName=B_single_CH3 Pin=U9-4
Added Net: Name=B_single_CH3
Added Pin To Net: NetName=GND_ENC_CH1 Pin=C1-1
Added Pin To Net: NetName=GND_ENC_CH1 Pin=C5-2
Added Pin To Net: NetName=GND_ENC_CH1 Pin=J1-1
Added Pin To Net: NetName=GND_ENC_CH1 Pin=U1-2
Added Pin To Net: NetName=GND_ENC_CH1 Pin=U1-8
Added Pin To Net: NetName=GND_ENC_CH1 Pin=U3-4
Added Pin To Net: NetName=GND_ENC_CH1 Pin=X5-8
Added Net: Name=GND_ENC_CH1
Added Pin To Net: NetName=GND_ENC_CH2 Pin=C10-2
Added Pin To Net: NetName=GND_ENC_CH2 Pin=C11-1
Added Pin To Net: NetName=GND_ENC_CH2 Pin=J2-1
Added Pin To Net: NetName=GND_ENC_CH2 Pin=U5-4
Added Pin To Net: NetName=GND_ENC_CH2 Pin=U6-2
Added Pin To Net: NetName=GND_ENC_CH2 Pin=U6-8
Added Pin To Net: NetName=GND_ENC_CH2 Pin=X6-8
Added Net: Name=GND_ENC_CH2
Added Pin To Net: NetName=GND_ENC_CH3 Pin=C16-2
Added Pin To Net: NetName=GND_ENC_CH3 Pin=C17-1
Added Pin To Net: NetName=GND_ENC_CH3 Pin=J3-1
Added Pin To Net: NetName=GND_ENC_CH3 Pin=U8-4
Added Pin To Net: NetName=GND_ENC_CH3 Pin=U9-2
Added Pin To Net: NetName=GND_ENC_CH3 Pin=U9-8
Added Pin To Net: NetName=GND_ENC_CH3 Pin=X7-8
Added Net: Name=GND_ENC_CH3
Added Pin To Net: NetName=NetC3_1 Pin=C3-1
Added Pin To Net: NetName=NetC3_1 Pin=R1-2
Added Net: Name=NetC3_1
Added Pin To Net: NetName=NetC4_1 Pin=C4-1
Added Pin To Net: NetName=NetC4_1 Pin=R2-2
Added Net: Name=NetC4_1
Added Pin To Net: NetName=NetC6_1 Pin=C6-1
Added Pin To Net: NetName=NetC6_1 Pin=R3-2
Added Net: Name=NetC6_1
Added Pin To Net: NetName=NetC7_1 Pin=C7-1
Added Pin To Net: NetName=NetC7_1 Pin=R7-2
Added Net: Name=NetC7_1
Added Pin To Net: NetName=NetC8_1 Pin=C8-1
Added Pin To Net: NetName=NetC8_1 Pin=R8-2
Added Net: Name=NetC8_1
Added Pin To Net: NetName=NetC9_1 Pin=C9-1
Added Pin To Net: NetName=NetC9_1 Pin=R9-2
Added Net: Name=NetC9_1
Added Pin To Net: NetName=NetC13_1 Pin=C13-1
Added Pin To Net: NetName=NetC13_1 Pin=R11-2
Added Net: Name=NetC13_1
Added Pin To Net: NetName=NetC14_1 Pin=C14-1
Added Pin To Net: NetName=NetC14_1 Pin=R12-2
Added Net: Name=NetC14_1
Added Pin To Net: NetName=NetC15_1 Pin=C15-1
Added Pin To Net: NetName=NetC15_1 Pin=R13-2
Added Net: Name=NetC15_1
Added Pin To Net: NetName=VCC_ENC_CH1 Pin=C1-2
Added Pin To Net: NetName=VCC_ENC_CH1 Pin=C5-1
Added Pin To Net: NetName=VCC_ENC_CH1 Pin=J1-2
Added Pin To Net: NetName=VCC_ENC_CH1 Pin=U1-1
Added Pin To Net: NetName=VCC_ENC_CH1 Pin=U3-6
Added Pin To Net: NetName=VCC_ENC_CH1 Pin=X5-7
Added Net: Name=VCC_ENC_CH1
Added Pin To Net: NetName=VCC_ENC_CH2 Pin=C10-1
Added Pin To Net: NetName=VCC_ENC_CH2 Pin=C11-2
Added Pin To Net: NetName=VCC_ENC_CH2 Pin=J2-2
Added Pin To Net: NetName=VCC_ENC_CH2 Pin=U5-6
Added Pin To Net: NetName=VCC_ENC_CH2 Pin=U6-1
Added Pin To Net: NetName=VCC_ENC_CH2 Pin=X6-7
Added Net: Name=VCC_ENC_CH2
Added Pin To Net: NetName=VCC_ENC_CH3 Pin=C16-1
Added Pin To Net: NetName=VCC_ENC_CH3 Pin=C17-2
Added Pin To Net: NetName=VCC_ENC_CH3 Pin=J3-2
Added Pin To Net: NetName=VCC_ENC_CH3 Pin=U8-6
Added Pin To Net: NetName=VCC_ENC_CH3 Pin=U9-1
Added Pin To Net: NetName=VCC_ENC_CH3 Pin=X7-7
Added Net: Name=VCC_ENC_CH3
Added Pin To Net: NetName=VIN_fused Pin=F1-2
Added Pin To Net: NetName=VIN_fused Pin=X4-01
Added Pin To Net: NetName=VIN_fused Pin=X4-02
Added Net: Name=VIN_fused
Added Pin To Net: NetName=Z_single_CH1 Pin=U1-3
Added Net: Name=Z_single_CH1
Added Pin To Net: NetName=Z_single_CH2 Pin=U6-3
Added Net: Name=Z_single_CH2
Added Pin To Net: NetName=Z_single_CH3 Pin=U9-3
Added Net: Name=Z_single_CH3
Added Class: Name=Connector
Added Class: Name=Encoder
Add Class: Class already exists: Encoder
Add Class: Class already exists: Encoder
Add Class Member: Failed to add class member : Component R5 R_TF
Add Class Member: Failed to add class member : Component R6 R_TF
Added Room: Name=Connector
Added Room: Name=Encoder
Added Room: Name=Encoder
Added Room: Name=Encoder
Added Room: Name=X1
